Student ID,Student Name,Course ID,Section ID,2026-01-05,2026-01-06,2026-01-07,2026-01-08,2026-01-09,2026-01-12,2026-01-13,2026-01-14,2026-01-15,2026-01-16,2026-01-19,2026-01-20,2026-01-21,2026-01-22,2026-01-23,2026-01-26,2026-01-27,2026-01-28,2026-01-29,2026-01-30,2026-02-02,2026-02-03,2026-02-04,2026-02-05,2026-02-06,2026-02-09,2026-02-10,2026-02-11,2026-02-12,2026-02-13,2026-02-16,2026-02-17,2026-02-18,2026-02-19,2026-02-20,2026-02-23,2026-02-24,2026-02-25,2026-02-26,2026-02-27,2026-03-02,2026-03-03,2026-03-04,2026-03-05,2026-03-06
1001,Emma Wilson,BUZZ-ELA-8,SEC-02,,,,Absent,Absent,Absent,,,,,Absent,,,,,,,Absent,,,,,,,,,,,,,,,,,,,,,,,,,,Absent,
1002,Isabella Martin,BUZZ-MATH-7,SEC-02,,Absent,,,,Absent,,,Absent,,,,,,,,,,,,,Absent,,,,,,,,,,,,,,,,,Absent,,,,,,
1003,Hannah Shah,BUZZ-SCI-7,SEC-03,,,,Absent,Absent,,Absent,,,Absent,,,,,Absent,,,,Absent,,,,,,,,,Absent,,,,Absent,Absent,,,,,,Absent,,Absent,,,,
1004,Ryan Garcia,BUZZ-SCI-7,SEC-03,,,,,,,Absent,,,,,,,,,,,Absent,,,,,,,,,,,,,,,,,,,,,,Absent,,,,,
1005,Noah Singh,BUZZ-ELA-8,SEC-02,,,,,Absent,,,,,,,,,,,,,,Absent,,,,Absent,,,,,,,,,,,,Absent,,,,,Absent,Absent,,,Absent,
1006,Lucy Hall,BUZZ-MATH-8,SEC-01,,,,,,,,,,,,Absent,,,,,,,,,,,,,,,,,,,,,,,,,,,,,,,,,
1007,Paisley Mitchell,BUZZ-MATH-7,SEC-01,,,,,,,Absent,,,,,,,,,,,,,,,,,Absent,Absent,,,,,,,,,,,,Absent,,,,,,,Absent,
1008,Aurora Carter,BUZZ-MATH-8,SEC-02,,,,,,,,,,,Absent,,,,,Absent,Absent,Absent,Absent,Absent,,,,,,,Absent,,Absent,Absent,,,,Absent,,,,Absent,,,,,,,
1009,Mateo Kim,BUZZ-MATH-7,SEC-01,,,,,,,,,,,,,,,,,,,,,,,,Absent,,,,,,,,,,Absent,Absent,,,,,,,Absent,,Absent,
1010,Theodore Singh,BUZZ-SCI-7,SEC-01,,Absent,,,,Absent,,,,,,,Absent,,Absent,,,,,,,,,,,,,,,,,,,Absent,,,,,,,,,,,
1011,Lucy Flores,BUZZ-MATH-8,SEC-01,,,,,,,,,,,Absent,,,,,,,,,Absent,,,,,,,,,,,,,,,,,,Absent,,,Absent,,,,
1012,Charlotte Clark,BUZZ-MATH-7,SEC-03,Absent,Absent,,,Absent,,Absent,,,,Absent,,,,,,,Absent,,,,,Absent,Absent,,,,,,,,,,,,,,Absent,,Absent,,,Absent,,Absent
1013,Chloe Green,BUZZ-ELA-7,SEC-02,,,Absent,,,,,,,,Absent,,,Absent,,Absent,,Absent,,,,,,,Absent,,Absent,,,,,,Absent,,Absent,,,,,Absent,,Absent,,,Absent
1014,Logan Nelson,BUZZ-SCI-7,SEC-01,,,Absent,,,,Absent,,Absent,,,,,,Absent,,,,,,,,Absent,,,,,Absent,Absent,,,,,Absent,,Absent,,,,,Absent,,,,
1015,Mateo Rodriguez,BUZZ-ELA-7,SEC-02,,,,Absent,,,,,Absent,,Absent,,,,,,,,,,Absent,Absent,,,,,Absent,,,,Absent,,,,,,,,,,,Absent,,,Absent
1016,Riley Chen,BUZZ-MATH-8,SEC-02,,,,,,,Absent,,,,Absent,,,,,,,,,,,,,,,,,,,Absent,,,,,,,,,,Absent,,Absent,,Absent,
1017,Nora Carter,BUZZ-MATH-8,SEC-03,,,Absent,Absent,,,,,,,,,,,,,Absent,,,Absent,,,,,,,,,,,,,,,,,,,,,Absent,,,,
1018,Aurora Thompson,BUZZ-MATH-8,SEC-01,Absent,,,,,Absent,,,,,,,,,,,Absent,,,,,,Absent,Absent,,,,Absent,Absent,,,,,,,,,Absent,,,,Absent,,Absent,
1019,Mason Ramirez,BUZZ-ELA-7,SEC-02,,,,,,,,,,Absent,,,,,,,,,,,,,,,,Absent,,Absent,,,Absent,,,,,,,,,Absent,,,,,Absent
1020,Aria Scott,BUZZ-MATH-7,SEC-02,,,,Absent,,,,,,,,,,,,,,,,,,,,,,Absent,,,,,,,,,,,,,,,Absent,,,,
1021,Ethan Hill,BUZZ-MATH-8,SEC-02,Absent,,,,,,,,Absent,,,Absent,,,,,,,,Absent,Absent,,Absent,,,,,,,Absent,,Absent,,,,,,,,,,,,,
1022,Victoria Rivera,BUZZ-ELA-8,SEC-01,,,,Absent,Absent,,Absent,Absent,,,,,,,,,,Absent,,,,,Absent,,,,,,,Absent,,,,,,,,,,,,,,,
1023,Benjamin Martin,BUZZ-SCI-7,SEC-02,,,,,,,Absent,,,,Absent,,,,,,,,,,Absent,,,,,,,,,,,,,,Absent,,,,Absent,Absent,,,,,
1024,Anthony Patel,BUZZ-ELA-8,SEC-03,,,,,,,Absent,,,,,,,,,,Absent,,Absent,,Absent,,,Absent,,,Absent,,,Absent,,,,,,,,Absent,,,,Absent,,,
1025,Olivia Brown,BUZZ-MATH-8,SEC-02,,,,,,,,,,,,Absent,,,,,,,,,Absent,Absent,Absent,,,,,,Absent,,,,,,,,Absent,,,,Absent,,,,
1026,Eleanor Rivera,BUZZ-SCI-7,SEC-01,Absent,,,,,,,,Absent,,,Absent,,,,Absent,,,,,,Absent,Absent,,,,,,,,Absent,,,,,,,,,,,,,,
1027,Noah Kim,BUZZ-SCI-7,SEC-02,,,,,,,,,,,,,,,Absent,,,,,,,,,,,,,,,,,,,,,,,,,,,,,,
1028,Anthony Thomas,BUZZ-MATH-8,SEC-01,,,,,,,,,,,,,,,,,,Absent,,,Absent,,Absent,,,,Absent,,,,,,,,,,,,Absent,,,,,,
1029,Victoria Lee,BUZZ-MATH-8,SEC-03,,,,,,,Absent,,,,,,Absent,,,,,,,,,Absent,,,,Absent,,,Absent,,,Absent,,,Absent,Absent,,,,,,,,,
1030,Anthony Rodriguez,BUZZ-MATH-7,SEC-01,,,Absent,,,,,Absent,Absent,Absent,,Absent,Absent,,,,Absent,,,,,,Absent,,Absent,Absent,Absent,Absent,Absent,,Absent,,,Absent,Absent,,,,,,Absent,,,,
1031,Isabella Ramirez,BUZZ-ELA-8,SEC-03,,,,,,Absent,,,,,,,,,,,,Absent,,,,,,,Absent,,Absent,,,,,,,,Absent,,,,,Absent,,,Absent,,
1032,Layla Green,BUZZ-MATH-8,SEC-01,,,,,Absent,,,,Absent,,,Absent,,,,,,Absent,,,,,Absent,,,,,,,,,,Absent,,,,,,,,Absent,,,,
1033,Bella Davis,BUZZ-ELA-7,SEC-02,,,,,,,,,Absent,,,,,,,,,Absent,,,,,,,,,,Absent,,,,,,,,Absent,,,,,,,,,
1034,Olivia Taylor,BUZZ-MATH-7,SEC-03,,,,Absent,,,,,,,,Absent,,,Absent,,,,,,,,,Absent,,Absent,,,Absent,,,,,,,,,,,,,,,,
1035,Victoria Flores,BUZZ-MATH-8,SEC-02,,Absent,Absent,,,Absent,,,,,,,Absent,,,,,,,,,,Absent,Absent,,Absent,,,,,,,,,,,,,,,Absent,,,Absent,
1036,Owen Young,BUZZ-MATH-7,SEC-01,,,,,,,,,,,,,Absent,,,,,,,Absent,,,,Absent,,,,,Absent,,,Absent,,Absent,Absent,,,,,,,,,,
1037,Lily Taylor,BUZZ-MATH-8,SEC-03,,,Absent,,,,Absent,,,,,,,,,,,,,,,,,,Absent,,,,Absent,Absent,,Absent,,,,,Absent,,,Absent,,,,,
1038,Thomas Martin,BUZZ-ELA-8,SEC-01,,,,,,,,,,,,,,,,,,,,Absent,,,,,Absent,,,,,,,,Absent,,,,Absent,Absent,,,,,Absent,,
1039,Eleanor Torres,BUZZ-ELA-7,SEC-03,Absent,,,,,,,,,Absent,,,,,,,Absent,Absent,Absent,,,,,,,Absent,,,Absent,,Absent,,,,,,,,,,,,,,
1040,Aurora Johnson,BUZZ-ELA-8,SEC-02,,,,,,,,,,,Absent,,,,,,,,,,,,,,,,Absent,,,,,,,,,,,,,,,,,,
1041,Penelope Ramirez,BUZZ-ELA-7,SEC-02,,,,,Absent,,Absent,,Absent,,,,,,,,,,,,,,,,,,,,,,Absent,,,,,,Absent,,,,,Absent,,,
1042,Gabriel Campbell,BUZZ-MATH-8,SEC-03,,,,,Absent,,,,,Absent,,,,,,,,,Absent,,,,,,,,Absent,,,,,,,,,,,,,,,,,,
1043,Emily Kim,BUZZ-MATH-8,SEC-02,,,,,,Absent,,,,,,,,,,,,,,,Absent,,,,Absent,Absent,,,,,,,,,,Absent,,,,,,,Absent,Absent,
1044,Lucy Williams,BUZZ-ELA-8,SEC-03,,Absent,,,,,,Absent,,,,,,,,Absent,,,,,,Absent,,,,,,,,,,,,,Absent,,,,Absent,Absent,,Absent,Absent,Absent,Absent
1045,Lily Walker,BUZZ-ELA-7,SEC-01,,,,,,,,Absent,,Absent,,,,,Absent,,,,,,,,,,Absent,,,,,,,,,,,,,Absent,Absent,,,,,,
1046,Natalie Nguyen,BUZZ-MATH-8,SEC-02,,,,,,,Absent,Absent,,,,,,,,Absent,,,,Absent,,,Absent,,,,,,,,,,,,,Absent,,,,Absent,,,,,
1047,Gabriel Smith,BUZZ-MATH-8,SEC-03,,,,,,,,,,Absent,Absent,,,,Absent,,,,,,,,,Absent,,Absent,Absent,,Absent,,,,,,,,,Absent,,,,,,,
1048,Daniel Mitchell,BUZZ-ELA-7,SEC-03,,Absent,,,,,,,,,,Absent,Absent,,Absent,,,,,,,,,,,,,,Absent,,,,,,Absent,Absent,,,,,,,,,
1049,Lily Adams,BUZZ-ELA-7,SEC-01,Absent,Absent,,,Absent,,Absent,,,,Absent,,,,Absent,,Absent,Absent,,Absent,Absent,,,,Absent,,,,Absent,,,,,,,,,,,,,,,,
1050,Aurora Hill,BUZZ-ELA-7,SEC-02,,,,,,,,,,,,,,,,,,,,Absent,,,,,,,,,,,,,,,,,,,,,,,,,
1051,Sophia Scott,BUZZ-MATH-7,SEC-01,,,,Absent,,,,,,,,,,,,,,Absent,,,,,,,,,,Absent,Absent,Absent,,,,,,,,,Absent,,,,,,
1052,Stella Torres,BUZZ-ELA-7,SEC-02,,Absent,,,Absent,,,Absent,,,,,Absent,,,,,,,,,,,,,,,,,,,,Absent,,,,,,,,,,,,
1053,Aurora Mitchell,BUZZ-SCI-7,SEC-03,,Absent,,,,,,Absent,Absent,,,,Absent,,,,,,,,,,Absent,,,,,,,,,,,Absent,,,Absent,,Absent,Absent,,,,Absent,
1054,Stella Shah,BUZZ-SCI-7,SEC-03,,,,Absent,,,,Absent,,,,,,,,,,Absent,Absent,,,,,,,Absent,,,,,,,,,,,,,,,,,,,
1055,Ava Kumar,BUZZ-ELA-8,SEC-01,,,,Absent,,Absent,,,,,,,,,,,,,,,,,,,,,,,,,,,,,,Absent,Absent,,,,,,,,
1056,Avery Kim,BUZZ-MATH-7,SEC-02,Absent,,,,,,,,,,Absent,,Absent,,,,Absent,Absent,,Absent,,,,,,,Absent,,,,,,,,,,,,,,,,,,
1057,Grace Johnson,BUZZ-ELA-8,SEC-01,,,,,,,,,,,Absent,,,,,,,,,Absent,,,,,,,,,,,,,,,,,,,,,,,,,
1058,Elizabeth Lopez,BUZZ-ELA-7,SEC-01,,,,Absent,,,,,,Absent,Absent,,,,,,,,,,,,Absent,,,Absent,,,,,,Absent,,,,,,,,,,,,Absent,
1059,Noah White,BUZZ-MATH-8,SEC-03,,,,,,,,,,,,,,Absent,,,,Absent,,,Absent,,,,,,,,,,,,,Absent,,Absent,,,,,Absent,,,,Absent
1060,Lily Davis,BUZZ-MATH-7,SEC-02,Absent,,,Absent,,,Absent,Absent,,,,,,,,,,Absent,,,Absent,,,Absent,,,,Absent,Absent,Absent,,,,,Absent,,,,Absent,Absent,,,,,Absent
1061,Ethan Adams,BUZZ-ELA-8,SEC-03,,,,,,,,,Absent,,,,,,,,Absent,,,,,,,,,,,Absent,,,Absent,,,Absent,,,Absent,,,,,,Absent,Absent,
1062,Owen Carter,BUZZ-ELA-8,SEC-02,,Absent,,Absent,Absent,,,,,,Absent,,,,,,,,,,,,,,Absent,,,,Absent,,Absent,Absent,Absent,,,Absent,,,Absent,,,,,,
1063,Mason Rivera,BUZZ-MATH-7,SEC-02,,,,,,,,,,,,,Absent,,,,,,Absent,,,,,,,,,,,,,,,,Absent,,,,,,,,Absent,,
1064,Aiden Rodriguez,BUZZ-MATH-8,SEC-03,,,,,,,,,,,,,,,,,Absent,Absent,,,,,,,Absent,,,,,,,,,,,,,,,,,,,,
1065,Zoey Jackson,BUZZ-MATH-8,SEC-03,,,Absent,,,,Absent,,,,,,Absent,,,,,,,,,,,,,,,,Absent,,,,,,,,,,Absent,,Absent,,,,Absent
1066,Natalie Lee,BUZZ-MATH-8,SEC-02,,,,,,Absent,,,Absent,,,,,,Absent,,,Absent,,,Absent,,Absent,,,,,,,,,,Absent,,,,,,,,Absent,,,,
1067,Chloe White,BUZZ-ELA-8,SEC-01,Absent,,,,,,,,,,,,,,,,,,,,,,,,Absent,Absent,,Absent,,,,,,,,,,,,,,,,,
1068,Avery Garcia,BUZZ-MATH-8,SEC-03,,,,Absent,,,,,,Absent,Absent,,,Absent,Absent,,,,,,Absent,,,,,,,,Absent,Absent,Absent,,,,,,,,,,,,,Absent,
1069,Camila Lopez,BUZZ-ELA-8,SEC-02,,,,,,,,,,,,,,,,,,,,,,,,,,,Absent,,,,,,,,,,,,,,,,,,
1070,Liam Nelson,BUZZ-ELA-7,SEC-02,,,Absent,,,,,,,,Absent,,,,,,,,Absent,,Absent,,,,,Absent,,,,,,,,Absent,,Absent,,,,Absent,,Absent,,,
1071,Aria Nguyen,BUZZ-MATH-8,SEC-01,,,,Absent,,,,,Absent,,Absent,,Absent,,,,,,,Absent,,,,,Absent,,,,,Absent,,,,,,,,Absent,,,,,,Absent,
1072,Grace Wilson,BUZZ-MATH-8,SEC-02,,,,,,,,,,,,,,,,,,,,,,,,,,,Absent,,,,,Absent,,,,,Absent,,,,,,,,
1073,Ryan Roberts,BUZZ-ELA-8,SEC-03,,,,,,,,,,,,,,,,,,,,Absent,,,,,,,,,,,,,,,,,,,,,,,,,
1074,Aria Young,BUZZ-MATH-7,SEC-02,Absent,,,,,,,,,,,,,,,,,,,,,,,,,,,,,,,,Absent,,,,,,,Absent,,,,,
1075,Sofia Garcia,BUZZ-ELA-7,SEC-01,,,,,Absent,,,,,,,Absent,,,,,,,,,Absent,Absent,,,,,,,,,,,,,,,,,,,,,,,
1076,Emma Nelson,BUZZ-ELA-8,SEC-02,Absent,,,,,,,,,,,,,,,,,,,,,,,,,,,,,,,,Absent,,,,,,,,,,,,
1077,Stella Thompson,BUZZ-MATH-8,SEC-03,,,,,,,,,,Absent,,,,,,,,,,,,,,,,,,,,,,,,,,,,,,,,,,,
1078,Theodore King,BUZZ-SCI-7,SEC-02,,,,,,Absent,,,,,,,,,,,,,,,,,,,Absent,,,,,,,,,,,,,,,,,,,,
1079,David Patel,BUZZ-MATH-8,SEC-02,,,,,,,,,,,,,Absent,,,,,,,,,,,,,,,,,,,,,,Absent,,,,,,,,Absent,,Absent
1080,Lincoln Sanchez,BUZZ-MATH-8,SEC-01,,,,,,,,,Absent,,,Absent,,,,Absent,,,,,,Absent,,,,,,,,,Absent,Absent,,,,,,,Absent,,,,,,
1081,Emma Martinez,BUZZ-MATH-7,SEC-03,,,,,,,,,,,,,,,,Absent,Absent,,,,,,,,,,,,,,,,,Absent,,,,,Absent,,,,,,
1082,Logan Lee,BUZZ-ELA-7,SEC-01,,,,,,,,,,,Absent,,,,,,,,,,,,Absent,,,,,,,,,,,,,,,,,,,,,,
1083,Nora Wright,BUZZ-ELA-7,SEC-01,,Absent,,,,,,,,,,,,,,,,,,,,,,,,,,,Absent,,,Absent,,,,,,,,,,,,,
1084,Isabella Mitchell,BUZZ-MATH-7,SEC-01,,,,,,,,,,,,,,,,,,,,,Absent,,,,,Absent,Absent,,,,,,Absent,,,,,,Absent,,,,,,
1085,Ethan Rodriguez,BUZZ-MATH-8,SEC-03,,,,Absent,Absent,,Absent,,,,,Absent,,Absent,Absent,,,Absent,,,,,,,Absent,,Absent,Absent,,,,Absent,,Absent,,,,,Absent,,Absent,,,,Absent
1086,Harper Garcia,BUZZ-ELA-8,SEC-01,,,,,,Absent,Absent,,,Absent,,,,,,,Absent,,Absent,,,,,,,,,,,,,,,,,,,,,,,,,Absent,
1087,Jackson Hall,BUZZ-SCI-7,SEC-01,,,,,,,,,,,,,,,,,Absent,,,,Absent,,,,,,,,,Absent,,,,,Absent,,,,,,,Absent,,,
1088,Scarlett Young,BUZZ-ELA-7,SEC-03,,,,,,,Absent,Absent,,,,,,Absent,,,,,,,,,,,,,,Absent,,,,,,Absent,,,,Absent,,,Absent,,,,
1089,Aurora Baker,BUZZ-MATH-8,SEC-01,,,,Absent,Absent,,,,,,,,Absent,,,,,,,Absent,,,,,,,,,,,,Absent,,,,,Absent,,,,,,,,
1090,Nora Baker,BUZZ-MATH-7,SEC-01,,Absent,,,,,,,,,,,,,,,,,,,,,,,,,,,,,,,,Absent,,,,,,,,,,Absent,Absent
1091,Leo Taylor,BUZZ-MATH-8,SEC-03,,,,,,,,,,,,,,,,,,,,,,,,,,Absent,,,Absent,,,,,Absent,,,,,,,,,,,
1092,Luke Moore,BUZZ-MATH-7,SEC-02,,,,,,,,,,,,,,,,,,,,,Absent,,Absent,Absent,Absent,,,,,,,,,,Absent,,,,,,Absent,,,,
1093,Abigail Rodriguez,BUZZ-MATH-8,SEC-01,,,,Absent,,,,Absent,Absent,,,,,,,,Absent,,Absent,Absent,Absent,,,,,Absent,,,,Absent,,,,,,,,Absent,,,,,,,Absent
1094,Emma Jones,BUZZ-MATH-8,SEC-03,Absent,,,,,,,,,Absent,Absent,,Absent,,,,,,,,,,,Absent,,,,,,,,,,,,,,Absent,,,,,,,
1095,Aiden Anderson,BUZZ-MATH-8,SEC-01,,,,Absent,,,,,,,,,,,,,,,,Absent,Absent,,,,,,,,,,,,,,,,Absent,,,,,,,,
1096,Alexander Nelson,BUZZ-ELA-7,SEC-02,,,,Absent,,,Absent,,,,,,,Absent,,,,,,,,,,,,,,,,,,,,,,,,,,,Absent,,Absent,,
1097,Lily Anderson,BUZZ-MATH-7,SEC-01,,,Absent,Absent,,,,,,,,,,Absent,,,,,,Absent,,Absent,,,,,,Absent,,,,,,,,,,,,,,Absent,,,
1098,Ethan Jackson,BUZZ-MATH-8,SEC-03,,,Absent,,,Absent,,,,Absent,,Absent,,Absent,,Absent,,,,,,,,,,,,,,,Absent,Absent,,,,Absent,,,,,,,,,
1099,Mateo Kumar,BUZZ-ELA-7,SEC-03,,,Absent,,,Absent,,,,,,Absent,,,,,,,Absent,,,,,,,,,,,,,Absent,,Absent,,,,,,,,,Absent,,
1100,Avery Sanchez,BUZZ-MATH-8,SEC-01,,,Absent,,,,,,,,,,,,,,,,,,,,,,,,,,,,,,,Absent,,,,,,,,,,,
1101,Ella Singh,BUZZ-SCI-7,SEC-03,,,,,,,,,,,,,,,,,,,,,,,,,,,Absent,,,,,,,,,,,,,,,Absent,,,
1102,Sebastian Lee,BUZZ-ELA-7,SEC-03,,,,Absent,Absent,,,,Absent,,,,,,,,,,,Absent,,,,,,Absent,,,,Absent,Absent,Absent,,Absent,Absent,,,,,,,,,,
1103,John Kim,BUZZ-MATH-7,SEC-01,,,Absent,,,Absent,,,,,,,,,Absent,,,,,,,,,,,,,Absent,Absent,,Absent,,,,,,,Absent,,,,,,,Absent
1104,Daniel Robinson,BUZZ-MATH-7,SEC-01,,,Absent,,Absent,,,,Absent,,,Absent,,Absent,Absent,,,,,,Absent,,,,,,,,Absent,,Absent,,,,,,,Absent,,,,,Absent,Absent,
1105,Natalie Robinson,BUZZ-ELA-8,SEC-01,,,,,Absent,,,,,,,,,,,,,,,,,,,,,,Absent,,,,Absent,,,,,,,Absent,Absent,,,,,,Absent
1106,Isabella Lopez,BUZZ-MATH-7,SEC-02,,,,,,,,,,,Absent,,,,,,,,Absent,Absent,,,,,,,,Absent,,,,,,,Absent,,,,,,,Absent,Absent,,
1107,Olivia Kumar,BUZZ-MATH-8,SEC-02,,Absent,,,,,,,,,,,,,,,,,,,,Absent,,,,,,,,,,,,,,,,,,,Absent,,,,
1108,Gabriel Baker,BUZZ-ELA-7,SEC-02,,Absent,,,,,,,,,,,,,,,,,,,,,,,,,Absent,,,,,,,,,,,,,,,,,,
1109,Anthony White,BUZZ-ELA-8,SEC-03,,,,,Absent,,,,,,,,,Absent,,,,Absent,,,,,,,,Absent,,,,,,,,,,,,,,,,,Absent,,
1110,Christopher Thompson,BUZZ-ELA-8,SEC-02,,,,,,,,,,Absent,,,,,,,,,,,,,,Absent,,,,,,,,,,,,,,,,Absent,,,Absent,,
1111,Aurora Harris,BUZZ-SCI-7,SEC-02,,Absent,,,,,,Absent,,,,,Absent,Absent,,,,,,Absent,,,,,,,,,,,,,,,Absent,,,,,,,,,Absent,
1112,Daniel Miller,BUZZ-MATH-8,SEC-03,,,Absent,,,,,Absent,,,,,,Absent,,,,Absent,Absent,,,,,,,Absent,,,Absent,Absent,Absent,Absent,Absent,,,Absent,,,,Absent,,Absent,,,
1113,Alexander Jackson,BUZZ-ELA-7,SEC-02,Absent,,,Absent,,,,,,Absent,,,Absent,,,Absent,,,,,,,Absent,,,Absent,,,,,,,,,,,,Absent,,,,,Absent,,
1114,Jack Chen,BUZZ-MATH-8,SEC-01,,,,,,,,,,,,,,,,Absent,,,,,,,,,,,,,,,,,,,,,,Absent,,,,,,,
1115,Ava Nelson,BUZZ-ELA-7,SEC-02,,,,,,,Absent,,,,,Absent,,,,,Absent,,,,,,,,,,Absent,,,Absent,,,,,,,,Absent,,,,,,,
1116,Skylar Wright,BUZZ-ELA-8,SEC-01,Absent,,,Absent,,Absent,,,Absent,Absent,,,Absent,,Absent,,,Absent,,,,Absent,,,,,,,,Absent,,,,,,Absent,,,,Absent,,Absent,,,
1117,Paisley Roberts,BUZZ-MATH-8,SEC-02,,Absent,,,,Absent,Absent,,,,,,Absent,Absent,,,,,,,,Absent,,Absent,Absent,,,,,,,,Absent,,,,,Absent,,,,,,,
1118,Aurora Nelson,BUZZ-MATH-7,SEC-02,,,,,,,,,Absent,,,,,,Absent,,,,,Absent,,,Absent,,Absent,,Absent,Absent,,,Absent,,,Absent,,Absent,,,,,,,,,Absent
1119,Sebastian Ramirez,BUZZ-SCI-7,SEC-01,,,,,,,,Absent,,,,Absent,,,,,Absent,,,Absent,Absent,Absent,,,,,,,,,,,,Absent,Absent,,,Absent,,,,,,,
1120,Bella Campbell,BUZZ-MATH-8,SEC-02,,,,,,,,,,,Absent,,Absent,,,,,Absent,Absent,,,Absent,,,,,,,,,,Absent,,,,,Absent,Absent,Absent,Absent,Absent,,,,
1121,Alexander Lopez,BUZZ-ELA-7,SEC-01,,,,,,,,,,,,Absent,,,Absent,,,,,,,,,,,,,,,,,,,,,,,,,,,,,,
1122,Sophia Singh,BUZZ-SCI-7,SEC-03,,,,,,,,,,Absent,,,,,,,,,,,Absent,,Absent,Absent,Absent,,Absent,Absent,,,,,,,,,,,,,,,,,
1123,Josiah Perez,BUZZ-SCI-7,SEC-03,,,,,,,,,,,Absent,,,,,Absent,,,,,,,,,,,,,,,,,Absent,,,,,,,,,,,,
1124,Ryan Torres,BUZZ-MATH-8,SEC-01,,,,,,,,,Absent,,,,Absent,,Absent,,,,,Absent,,Absent,Absent,Absent,,Absent,Absent,,Absent,,Absent,,,,,,,Absent,,,Absent,,Absent,,
1125,Bella Patel,BUZZ-MATH-8,SEC-02,Absent,,,,,,,,,,,,,,,,,Absent,,,,,,,,Absent,,,,,,Absent,,Absent,,,,,,,,,Absent,,
1126,Mia Miller,BUZZ-ELA-8,SEC-03,,,,Absent,,,,,Absent,,,Absent,,,,Absent,,,,,,,,,,,,Absent,,,,Absent,,,,Absent,,,,,,,,,
1127,Asher Hall,BUZZ-MATH-7,SEC-02,,,,,,,,,,,,,,,,,,,,,Absent,,,,Absent,,,,,Absent,,,,Absent,,,,,,,,,,,
1128,Daniel Jones,BUZZ-ELA-8,SEC-03,,,,,,,,,,,,,,,Absent,,Absent,,,Absent,,,,,,,,,,,Absent,,,,Absent,,,,,,,,,,
1129,David Thomas,BUZZ-ELA-8,SEC-03,,,,,,,Absent,,,,,,,,,,,,,,,,,,Absent,,Absent,,,Absent,,,,,,,,Absent,,,,,,,
1130,Dylan Taylor,BUZZ-SCI-7,SEC-01,,Absent,,,,,,,,,,,Absent,,Absent,,,,,,,,,,,,,,,,,,,,,,,,,,,Absent,,,
1131,Mateo Wilson,BUZZ-ELA-7,SEC-03,,,,,,,,,,,,,,,,,,,Absent,,,,,,,,,,,Absent,,,,,,,Absent,,Absent,Absent,,,,,
1132,Anthony Harris,BUZZ-ELA-7,SEC-03,,Absent,,,,Absent,,,,,,,,Absent,,,,Absent,,,,,,,,,,Absent,,,,,,,,,,,Absent,Absent,,,,Absent,
1133,Camila Kumar,BUZZ-ELA-7,SEC-03,,Absent,,,,Absent,,,,,,,,,,,,,,,,Absent,,Absent,,,,,,,Absent,,,,Absent,,,,,,Absent,,,Absent,
1134,Daniel Perez,BUZZ-ELA-7,SEC-01,,,,,,,,,,,,,,,,,,Absent,,,,,,Absent,,,,Absent,,,,,,,,Absent,,,,,Absent,,,,Absent
1135,James Roberts,BUZZ-SCI-7,SEC-03,Absent,,,Absent,,,,,,,,Absent,,,Absent,Absent,,,,,,Absent,,,,,,,Absent,,,,,,,,,,,,,,,,
1136,Thomas Kim,BUZZ-MATH-8,SEC-01,Absent,,,,,,,,,,,,,,Absent,,,,,,,,,Absent,Absent,,,,,,,,,,,,,,,,Absent,Absent,,,Absent
1137,Jackson Wright,BUZZ-SCI-7,SEC-03,,,,,,,,,,,,,,,,,,,,,,,Absent,,,,,,,,,,,,,,,,,,,,,,
1138,Lincoln Garcia,BUZZ-MATH-8,SEC-02,Absent,Absent,,,,,,,,,,,,,,,,Absent,,,,,,,,,Absent,,,,,,Absent,,,,,,,,,,,,Absent
1139,Liam Campbell,BUZZ-ELA-7,SEC-02,Absent,,,,Absent,,,,Absent,,,Absent,,,,,,,Absent,,,,,,Absent,,,,,,,,Absent,,,,Absent,Absent,,Absent,,,,Absent,
1140,Riley Thomas,BUZZ-ELA-7,SEC-03,,,Absent,,,,,Absent,Absent,,Absent,,,Absent,,,,,,,,,,,,,,,Absent,,,,,Absent,,Absent,Absent,,,,,,Absent,Absent,
1141,John Young,BUZZ-ELA-8,SEC-02,,,Absent,,Absent,,,,,,,Absent,,,,,,,,,,,,,,,,,,,,,,,,,,,,,,,,,
1142,Joseph Taylor,BUZZ-MATH-7,SEC-01,,,,,,,,,,,,Absent,Absent,,,Absent,,,,,,,,,Absent,Absent,,,Absent,,Absent,,,,,,,,,,,Absent,,,
1143,Asher Rivera,BUZZ-MATH-8,SEC-01,,Absent,,,,,,,,,,,,,Absent,,,,,,,,,,,,,,,,,,,,,,,,,,,Absent,,,
1144,Bella Jackson,BUZZ-ELA-8,SEC-03,,,Absent,,,,,,,,,,,Absent,Absent,Absent,Absent,,,,,,,,,,,,,Absent,,,,,,,,,,,,,,,
1145,Josiah Thomas,BUZZ-ELA-8,SEC-02,,,,,,,,,,,,,,,,,,,,,,,,,Absent,,,,,,,,Absent,,,,,,,,,,,,Absent
1146,William Patel,BUZZ-SCI-7,SEC-02,,,Absent,,,,Absent,,,,,Absent,Absent,,,,,Absent,,,Absent,,,,,,Absent,,,,,,,,,Absent,,,,,,Absent,,,Absent
1147,Jaxon Wilson,BUZZ-ELA-8,SEC-02,,,,Absent,,,,,,,,,,,,,,Absent,,Absent,Absent,,,Absent,Absent,Absent,Absent,,,,,,,,,,,,,,,,,,
1148,Jacob Johnson,BUZZ-ELA-8,SEC-02,,,,Absent,,Absent,,Absent,,,,,,,,,,Absent,,,,,Absent,,,,,,,,,Absent,,,Absent,,Absent,,,,,Absent,,,
1149,Camila Gonzalez,BUZZ-MATH-8,SEC-01,,,,Absent,,,,,,,Absent,Absent,Absent,,,Absent,Absent,,Absent,Absent,,,,,Absent,,,,,Absent,,,Absent,,,,,Absent,Absent,,,,,,
1150,Sofia Adams,BUZZ-MATH-7,SEC-02,,,,,,,,,,,,Absent,Absent,,,,Absent,Absent,,Absent,,Absent,Absent,,,,,,,,,,,,,,,Absent,,,,,,,Absent
1151,Anthony Campbell,BUZZ-SCI-7,SEC-01,,,,,,,,,,Absent,,,,,,,,,,,,,,,,,,,,,,,,,,,,,,,,,,Absent,
1152,Camila King,BUZZ-MATH-8,SEC-02,,,Absent,,,,,,,Absent,,,,Absent,Absent,,,,,,,,Absent,Absent,Absent,,,Absent,,,,,,Absent,,,,,,,,Absent,,Absent,
1153,Thomas Rivera,BUZZ-ELA-7,SEC-03,Absent,,,,,Absent,,,,,Absent,,,,Absent,,,Absent,,,,,,Absent,Absent,,Absent,,,,,,,,,Absent,Absent,Absent,,,Absent,,,,
1154,Anthony Chen,BUZZ-MATH-7,SEC-03,,,,,,,,,Absent,,,,,,,,,,,,,,,,,,,Absent,,,,,,,,,,,,,,,Absent,,
1155,Olivia Flores,BUZZ-ELA-7,SEC-03,,,,,,Absent,,,Absent,Absent,,Absent,,Absent,,,,,,,,,,,,,,,,,,,Absent,,,,,Absent,,,,,,,
1156,Noah Wright,BUZZ-ELA-7,SEC-02,,,,,,,Absent,,,,,,,,,,,,,Absent,,,,,Absent,,,,,,Absent,,,,,,,,,,,,,Absent,
1157,Olivia Hill,BUZZ-MATH-8,SEC-02,,,,,,,,,,,Absent,,,,,,,,,,,,Absent,,,,Absent,,,,Absent,,,,,,,,,,,,,,
1158,Alexander Martinez,BUZZ-ELA-8,SEC-02,,,,,Absent,,,Absent,,,,,,,,,,,,,,,,,,,,,,,Absent,,,,,,Absent,,Absent,,,,Absent,,
1159,Zoey Chen,BUZZ-MATH-7,SEC-03,,,Absent,Absent,Absent,,,Absent,,,,,,,,,,,,,Absent,,,Absent,,Absent,,,Absent,Absent,Absent,,Absent,,,,,,Absent,,Absent,,Absent,,Absent
1160,Isabella Lewis,BUZZ-MATH-7,SEC-01,,Absent,Absent,Absent,,,,,,,,,,,,,,,,Absent,,,Absent,,,,Absent,,,,,,,,,,,,,Absent,,,,,
1161,Anthony Kim,BUZZ-ELA-7,SEC-02,,,,,,,,,,Absent,,,,,,,,,,,,,,,,,,,,,,,,,,,,,,,Absent,,,Absent,
1162,Jack Walker,BUZZ-ELA-7,SEC-01,,Absent,,,,,,,,,,,,,,,,,,Absent,,Absent,,,Absent,,,,,,,,,,,,,,,,,,,,
1163,Nora Hernandez,BUZZ-ELA-8,SEC-03,,,,,,,,,,,,,Absent,,Absent,,,,,,Absent,,,,,Absent,,,Absent,,,,,,,,,,,,,,,,
1164,Anthony Hill,BUZZ-MATH-7,SEC-03,,,Absent,Absent,,,,,Absent,,Absent,,Absent,,,,,,,,Absent,,,Absent,,,,,,,,,,,,,,,Absent,Absent,,,,,Absent
1165,Paisley Baker,BUZZ-SCI-7,SEC-01,,,,,Absent,Absent,,,,,,,,Absent,,,,,,,,,Absent,,,,,,,,,,,,Absent,,,,,,Absent,,,Absent,
1166,Ella Garcia,BUZZ-MATH-7,SEC-01,,,,,,,,Absent,,,,,,,,Absent,,,Absent,,,,,,,,,,,Absent,,,,Absent,,,,,,,,,,,Absent
1167,Henry Young,BUZZ-ELA-7,SEC-02,,,,,,,,,,,,,,,,,,,,,,,,,,,,,Absent,,,,,,,Absent,,,,,,,,,
1168,Bella Harris,BUZZ-ELA-7,SEC-02,,Absent,,,,,,,,,,,,,,Absent,,Absent,,Absent,Absent,,,,,,Absent,,,,,,,Absent,,,,,,,,,,,
1169,Sophia Martinez,BUZZ-MATH-7,SEC-01,,,,Absent,,,Absent,,,,,,,,,,,Absent,,,,,,,,,,,,,,,,,,,,,,,Absent,,,,
1170,James Hill,BUZZ-SCI-7,SEC-03,,,Absent,,,,,,,,,,,,,,,,,,,Absent,,,,,,,,,Absent,,Absent,,,,,,Absent,,Absent,,,,Absent
1171,Sebastian Roberts,BUZZ-MATH-7,SEC-03,,,Absent,,,,,,,Absent,,,,Absent,,Absent,,,,,Absent,,,Absent,Absent,,,,,Absent,,,Absent,,Absent,,,,Absent,Absent,,,,Absent,
1172,Olivia Martinez,BUZZ-ELA-7,SEC-03,Absent,Absent,,,,Absent,,,,Absent,,Absent,Absent,,,,,,Absent,,,Absent,,Absent,Absent,Absent,,,,,,,,,,Absent,Absent,Absent,,,,,,Absent,Absent
1173,Jaxon Lewis,BUZZ-MATH-8,SEC-03,,,,,,Absent,,,,,,,,,,,Absent,,,,,,,,,,,,,,,,,,Absent,,,,Absent,,,,,,
1174,Jack Nelson,BUZZ-MATH-7,SEC-01,,,,,,,,,,,,,,,,Absent,,,,Absent,Absent,,,,,,,,,,,Absent,Absent,,,,,Absent,,,,,,,
1175,Mia Hall,BUZZ-MATH-7,SEC-02,Absent,,,,,,Absent,,,,,,,,Absent,,,,,,,,,,,,,,,,,,,,,,,,,,,Absent,,,Absent
1176,Michael Singh,BUZZ-SCI-7,SEC-02,,,,,Absent,,,,,,,,,,Absent,,,,Absent,,,,,,,Absent,,,,,,,,,,,,,,,,,,,Absent
1177,Avery Anderson,BUZZ-SCI-7,SEC-02,,,,Absent,,,,,,,,Absent,,,,Absent,,,,,,,,,,,,Absent,,Absent,,,,,,,Absent,,,,,,,,
1178,Josiah Nguyen,BUZZ-ELA-7,SEC-01,,Absent,,,,,,,Absent,,Absent,,Absent,,,,Absent,,Absent,,,,,,,Absent,,,,,,,,,,,Absent,,,,,Absent,,,
1179,Henry Roberts,BUZZ-MATH-8,SEC-01,,,,,,,,,,Absent,,,,,,,,,,,,,,,,,,,,,,,,,,,,,,,,Absent,Absent,Absent,
1180,Mateo Jones,BUZZ-MATH-7,SEC-03,,,Absent,,,,,,,,,,,,Absent,,,,,,,,,,,,,,,,,Absent,,,,,,,Absent,,,,,,
1181,Layla Thompson,BUZZ-MATH-8,SEC-03,Absent,,Absent,,,,,,,,,Absent,,Absent,Absent,,,,,,,Absent,,,Absent,,,,,Absent,Absent,,Absent,Absent,,,,,,Absent,,,,,Absent
1182,Alexander Robinson,BUZZ-MATH-8,SEC-01,,,,,,,,,,,Absent,,,,,Absent,,,,Absent,,,,,,,,,,,,,Absent,,,,,,,,,,,,
1183,Thomas Lewis,BUZZ-MATH-8,SEC-03,,,,,,,,Absent,,,,,,,,,,,,,,,,,,,,,,,,,,,,,,,,,,,,,
1184,Charlotte Thomas,BUZZ-ELA-8,SEC-02,Absent,,Absent,,,,,,Absent,,,,,,Absent,,Absent,Absent,,,,,Absent,,Absent,,Absent,,,,,Absent,,,,,Absent,,,,Absent,,,,
1185,Lily Singh,BUZZ-MATH-8,SEC-03,Absent,,,Absent,,,Absent,,,,,,,,,,,,,,,,Absent,,,,,,,,,,,,,,,,,,,,,,
1186,Anthony Johnson,BUZZ-MATH-8,SEC-02,,,Absent,,Absent,,,,Absent,,,,,Absent,,,,Absent,,,Absent,Absent,,Absent,,,Absent,,,Absent,Absent,,,Absent,,,Absent,,,,,,,,
1187,Stella Brown,BUZZ-MATH-7,SEC-03,,,Absent,,,,,,,,,,,,Absent,,,,,,Absent,,,,,,Absent,,,,,,,,,,,,,Absent,,,,,
1188,Aria Wilson,BUZZ-ELA-8,SEC-01,,,,,Absent,Absent,,,Absent,,,,,Absent,,,,,,,,,,,,,,,,,,,Absent,,,,,,,,,,,,
1189,Ella Young,BUZZ-ELA-7,SEC-01,,,,,,,,,Absent,,,,Absent,,,,,,,,,,,,,,,,,,,,,,,,Absent,Absent,,,,,,,
1190,Josiah Carter,BUZZ-ELA-8,SEC-01,,,,,,,,,Absent,,,,,,,,Absent,Absent,,,,,Absent,,Absent,,Absent,,,,,,,,Absent,,Absent,,,,Absent,,,,
1191,Sebastian Scott,BUZZ-SCI-7,SEC-03,,,,,,,,,,,,,,,,,Absent,,Absent,,,,,,,,,,,,,,,,,,,,Absent,,,,,Absent,
1192,Victoria Campbell,BUZZ-ELA-7,SEC-03,,,,,,,,,,,,,,,,,,,,,,,Absent,,,,,,,,,,Absent,,,,,,,Absent,,,,Absent,
1193,Joseph Hill,BUZZ-ELA-7,SEC-02,,Absent,,,,,,,,,Absent,,,,,,Absent,,,,,,,,,,,Absent,,,,,,Absent,,,,,,,Absent,,,,
1194,Andrew Kumar,BUZZ-SCI-7,SEC-03,,,Absent,,,,,,,,,,,,,,,,Absent,,,,Absent,Absent,,,,,,,,Absent,,,,,,,Absent,,,,Absent,,
1195,Penelope Jones,BUZZ-ELA-7,SEC-01,Absent,,,,,Absent,,,,Absent,,,Absent,,,,,,,,,,,,Absent,,,,,,,,Absent,,,,,,,,,,,,Absent
1196,Noah Garcia,BUZZ-ELA-8,SEC-03,,Absent,,,,Absent,,,,,,,,,,,,Absent,,,,,,Absent,,,,,,,,,,,,,,,,Absent,,,,,
1197,Elizabeth Martinez,BUZZ-MATH-7,SEC-01,,,,Absent,,,,,,,,,,,,Absent,,,,,Absent,Absent,,,,Absent,Absent,,,,,Absent,,,,Absent,,Absent,,Absent,Absent,,Absent,,
1198,Asher Thompson,BUZZ-ELA-8,SEC-01,Absent,,,,,,,,,,,,,Absent,,,,,,,,,,,,,Absent,,Absent,,Absent,,,,,,,,,,,,,,
1199,Ethan Torres,BUZZ-MATH-7,SEC-03,Absent,,,,,,,,,,,,,,,,,,,,Absent,,,,Absent,,,,,,,,,Absent,,,,,,,,,Absent,,
1200,Hannah Brown,BUZZ-ELA-7,SEC-01,,,,,,,Absent,,,,,Absent,,,,,,,,,,,,Absent,,,,,,,,Absent,,,Absent,,,,,,,,Absent,,
1201,Emma Ramirez,BUZZ-MATH-7,SEC-03,,,,,,,,,,,,Absent,,,,Absent,,,,,Absent,,,Absent,,,,,Absent,Absent,,,Absent,,,,,Absent,,,,,,,
1202,Hannah Young,BUZZ-ELA-7,SEC-02,,Absent,,,,,,Absent,,,,,,,,Absent,,,,,,,,,,,,,Absent,,,,,,,Absent,,,,,,,,,Absent
1203,Josiah Harris,BUZZ-MATH-8,SEC-02,,,,Absent,,,,Absent,,,,,,,,,,,,,,Absent,,,,,,,Absent,,,,,Absent,,,Absent,,,,Absent,,,Absent,Absent
1204,Abigail Thompson,BUZZ-MATH-8,SEC-02,,,,,,,,Absent,,,,,,,,,,,,,,,,,,,,Absent,Absent,,,,,,,Absent,,,,,,,,,
1205,Gabriel King,BUZZ-ELA-8,SEC-02,,Absent,,Absent,,,,,,,Absent,Absent,,,,,,,Absent,,,,,Absent,,,,,,,,,,,,,,,,Absent,Absent,Absent,Absent,Absent,Absent
1206,Aiden Martin,BUZZ-SCI-7,SEC-02,,,,,,Absent,,,,,,,,,,,,,Absent,,,,,,,,,,,,,,,,,,,,,Absent,,,,,
1207,Skylar Lewis,BUZZ-MATH-7,SEC-03,,,,,,,,,,Absent,,,,,,,,,,,,,Absent,Absent,,,,,,,,,,Absent,,,,,,Absent,Absent,,,,
1208,Thomas Moore,BUZZ-MATH-8,SEC-01,,,Absent,,Absent,,Absent,,,,,,,,,,,,,,Absent,,Absent,Absent,,,,,,,Absent,,Absent,Absent,,,,,Absent,,,Absent,Absent,Absent,
1209,Evelyn Clark,BUZZ-MATH-7,SEC-02,,,,,,,,,,,,,,,,,,Absent,,,Absent,,,,,,,,,,,Absent,,,,,,,,,,,,,
1210,Benjamin Lee,BUZZ-ELA-8,SEC-02,,,,,,,,,,,,,,,,,,,,,,,,,,,,Absent,Absent,,,,,,,,,,,,,,Absent,,Absent
1211,Skylar Rodriguez,BUZZ-ELA-7,SEC-01,Absent,,,,,,,Absent,,,,,,,Absent,,,Absent,,,,Absent,Absent,,,,Absent,,,,Absent,,Absent,,,Absent,,Absent,,Absent,Absent,,,,
1212,Anthony Shah,BUZZ-SCI-7,SEC-03,Absent,,,,,Absent,,,,,,Absent,,,,,,,Absent,Absent,,,,,Absent,,,Absent,,,,,,,,,,,,Absent,Absent,Absent,Absent,,
1213,Michael Jackson,BUZZ-SCI-7,SEC-02,Absent,,,,,,,Absent,,Absent,,,Absent,,,,,,,,,,,Absent,,Absent,,,,,,,,Absent,,Absent,,,,Absent,,,,,Absent
1214,Zoey Davis,BUZZ-SCI-7,SEC-01,,,,,,,,,,,,,,,Absent,,,,,,Absent,,,,,,,,,,,,,,,,,Absent,,,,,,,
1215,Elizabeth Davis,BUZZ-ELA-7,SEC-03,,,Absent,,,,,,Absent,,,,,,,,,,,,,,,,Absent,,,,,,,,Absent,,,Absent,,Absent,,,,,,,
1216,Grace Nelson,BUZZ-SCI-7,SEC-03,,,,,,Absent,,,,,,,,,,Absent,,Absent,,,,,Absent,Absent,,,,Absent,,Absent,,,,,,,,,,,,,,,
1217,Leo Rivera,BUZZ-ELA-8,SEC-02,Absent,,,,,,,,,,Absent,,Absent,,,,Absent,,Absent,,,,,Absent,Absent,,,,,Absent,,,,,,,,,Absent,,,,,,
1218,Paisley Nelson,BUZZ-SCI-7,SEC-01,,,,,,,Absent,,,,,,,,,,,,,,,,,,Absent,,,,,,,,,Absent,,,,,,Absent,,,,,
1219,David Walker,BUZZ-SCI-7,SEC-02,,,,,,,,,,,,,,,,,,,Absent,,,,,,,,,Absent,,,,,,Absent,,,,,,,Absent,,,,
1220,Michael Hall,BUZZ-ELA-8,SEC-03,,,,,Absent,,Absent,,,,,,,,,Absent,,,,,,,,,,,,,,,Absent,,,,,Absent,,,,,,,,,
1221,Emma Nguyen,BUZZ-MATH-8,SEC-01,,,Absent,Absent,,Absent,,,,,,,,,,,,,,,,,,,,,,,,,,,,,Absent,Absent,,,,,,,,Absent,
1222,James Adams,BUZZ-MATH-7,SEC-03,,,,Absent,,Absent,,,,,,,,,,,,,,,,,,,,,,,,,,,,,,,,,,,,,,,
1223,Layla Hall,BUZZ-ELA-7,SEC-02,,,,,,,,Absent,,,,,,Absent,Absent,,Absent,,,,,,Absent,,Absent,,,,,Absent,,,,Absent,Absent,,,,Absent,,,,,,
1224,Sophia Rodriguez,BUZZ-SCI-7,SEC-03,,,Absent,,Absent,Absent,,,Absent,,,,,,,Absent,,,,,,,,Absent,,,,,,,,,,,,,,,,,,,Absent,,
1225,Logan Jones,BUZZ-ELA-8,SEC-01,Absent,Absent,,Absent,,,,,,,,,,,,,,,,,,,Absent,,,Absent,Absent,,,,Absent,,,,,,,,,Absent,,,Absent,Absent,Absent
1226,Nora Taylor,BUZZ-ELA-8,SEC-02,,,,Absent,,Absent,,,,,Absent,Absent,,,,,,,,Absent,,,Absent,,,,,,,,,,,,,,Absent,,,,,,,,
1227,Joseph Martin,BUZZ-ELA-8,SEC-01,,,,,,,,,,,,,,,,,,,,,,,,,,,,,,,Absent,,Absent,,,,,,,,,,,,
1228,Camila Thompson,BUZZ-ELA-7,SEC-02,,,Absent,,,Absent,,,,Absent,,Absent,Absent,,Absent,,,Absent,,,,,,,,,Absent,,Absent,,,,,,,,,,,Absent,Absent,,,,
1229,Chloe Lee,BUZZ-MATH-7,SEC-01,,,,,,,Absent,,Absent,,,,Absent,,,,,,,,,Absent,,Absent,,,,,,,,Absent,,,,,,,,,,,,,Absent
1230,Nora Campbell,BUZZ-SCI-7,SEC-03,,,,,,,,,,,,,,,,,,Absent,,,,,,Absent,,,,,,,,Absent,,,Absent,,,,,,,,,,
1231,Leo Martinez,BUZZ-ELA-8,SEC-01,,Absent,,,,,,,Absent,,,,,,,,,Absent,,,,,,,,,,,,,,,,,,,,,,,,Absent,,,
1232,Liam Green,BUZZ-MATH-7,SEC-03,,,,,,,,,,,,,,,,,,,,,,,,,,,,,,,,,,,,,,,Absent,,,,,,Absent
1233,Stella Patel,BUZZ-ELA-8,SEC-03,Absent,Absent,,,,,,,,Absent,Absent,,,,,Absent,,Absent,,,Absent,,,,,,Absent,,,,,Absent,,,,,,,,,,Absent,Absent,Absent,
1234,Joseph Ramirez,BUZZ-MATH-7,SEC-02,,,,,Absent,,,,,,,Absent,,Absent,,,,Absent,,,,Absent,,Absent,,,,,,,Absent,,Absent,Absent,,,,,,,Absent,Absent,,,
1235,Aria Miller,BUZZ-MATH-7,SEC-01,,,,,,,,,,,,Absent,,,Absent,,,,,,,,Absent,,,,,,,,,,,,,,,Absent,,,,,,,
1236,Harper Carter,BUZZ-ELA-7,SEC-03,,,,,Absent,,,,,,,,,,,Absent,,,,Absent,,,,,,Absent,,,,,,,,,,,,Absent,,,,,,,
1237,Victoria Rodriguez,BUZZ-ELA-7,SEC-02,,,,Absent,,,Absent,Absent,,Absent,,,Absent,,,Absent,,,,,,,,,,,,,,,,,,Absent,,,,,,,Absent,,Absent,,
1238,Amelia Allen,BUZZ-MATH-7,SEC-02,,Absent,,,,,Absent,,,,,,,,,,Absent,,,,,,,,,,,Absent,,,,,,,,,,,,,,,,,
1239,William Lee,BUZZ-MATH-8,SEC-01,,,Absent,,,,,,,,,,,,,,,,,,,,,,Absent,,,,,,,,,,,,,,,,,,,,
1240,Camila Green,BUZZ-ELA-8,SEC-01,,,,,,,,,,,,Absent,,,,,,,,,,,,,,,,,,,,,,,,,,,,,,,,,
1241,Aiden Thomas,BUZZ-SCI-7,SEC-03,,,,,,Absent,,,,,,,Absent,,,,,,,,,Absent,,,,,,,,Absent,,,,,,,Absent,,,Absent,,,,,
1242,Jaxon Baker,BUZZ-ELA-7,SEC-01,,,,,,,,,,,,,,,,,,,,,,,,Absent,,,Absent,,,,,,,,,Absent,,,,,,,,,
1243,Joseph Walker,BUZZ-SCI-7,SEC-02,,,,,Absent,,,Absent,,,,,,Absent,Absent,,,,,Absent,,,,,,Absent,Absent,Absent,,,,,,,,,,Absent,,,Absent,,,,
1244,Joseph Kim,BUZZ-SCI-7,SEC-02,,,,,,,,,,,,,,,,,,,,,,,,,,,,,,,,Absent,,,,Absent,,,,,,,,,
1245,Skylar Sanchez,BUZZ-MATH-7,SEC-01,,,,,,,,,,,,,,,,,,,,,,,,,,,,,,,Absent,,,,,,,,,,Absent,,,,
1246,Liam Carter,BUZZ-ELA-7,SEC-01,Absent,,,,,Absent,,,,,,,Absent,,,,,,,,,Absent,,,Absent,,Absent,,,Absent,,,,,,,,,,,,,,Absent,Absent
1247,Jaxon Rodriguez,BUZZ-MATH-8,SEC-01,,,,,,,,,,Absent,,,,,,Absent,,,,,,,,,,,,,,,,,,,,,,Absent,,,Absent,,,,
1248,Leo Chen,BUZZ-MATH-7,SEC-02,,,,,,Absent,,,,Absent,,,,,,,Absent,,,Absent,,Absent,Absent,,,,Absent,,,Absent,Absent,,,,,,,Absent,,Absent,,,,,
1249,Asher Moore,BUZZ-ELA-7,SEC-03,,,Absent,,,,,,,,,,,,,,,,,,,,,,,,,,Absent,,,,,,,,,,,Absent,,,,,
1250,Alexander Carter,BUZZ-ELA-8,SEC-02,,,,,,,,,,,,Absent,,,,,,Absent,,,Absent,,,,,Absent,,,,,,,Absent,,,,,,,,,,,,
1251,Joseph Patel,BUZZ-ELA-8,SEC-01,,,,,,,,,,,,,,,Absent,,,,,,,,,,Absent,,,,,,,,,,,,,,,,,,,,
1252,Joseph Harris,BUZZ-ELA-7,SEC-03,,,,,,,Absent,Absent,,,Absent,,,,,,,,,,,,,,,,,,,,,Absent,Absent,,Absent,,,,,,,Absent,,,
1253,Leo Walker,BUZZ-MATH-7,SEC-01,Absent,,,Absent,,,,,Absent,,,,,Absent,,,,,,,,,,Absent,,,Absent,,Absent,,,Absent,,Absent,,,,,,,,Absent,Absent,,
1254,Amelia Rivera,BUZZ-ELA-8,SEC-03,,Absent,,,Absent,,,,,,Absent,,,Absent,,,,Absent,,Absent,,,,,,,,,,,,,Absent,Absent,Absent,,,Absent,,,Absent,,,,
1255,Jack Campbell,BUZZ-MATH-8,SEC-03,,,,Absent,,,Absent,,,Absent,,,,,,,,,,Absent,,,,,,,Absent,,Absent,,,,,,,,,Absent,,,,,,Absent,
1256,Evelyn Jones,BUZZ-ELA-7,SEC-03,,,,,Absent,Absent,,,,,Absent,Absent,Absent,,Absent,,,Absent,,,,,,Absent,,,,,,,Absent,Absent,,Absent,,,,,,Absent,,,,,
1257,Elizabeth Patel,BUZZ-ELA-8,SEC-03,,,,,,Absent,,,Absent,Absent,,,,Absent,,,,Absent,,,,,,,Absent,,,,,,,,Absent,,,,,,,,Absent,,,,
1258,Noah Roberts,BUZZ-SCI-7,SEC-01,,,,Absent,,,,,,,,,,,,,,,,,,,Absent,,,,,,,,,,,Absent,,,,,Absent,,,,,,
1259,Sophia Garcia,BUZZ-ELA-8,SEC-02,,,,,,,,,,,,Absent,,,,,,,,,,,,,,,,,,Absent,Absent,,,,,,,Absent,,,,,,Absent,
1260,Josiah Wilson,BUZZ-SCI-7,SEC-02,,,,,,,,Absent,,,,,,,,,,,,,,,,,Absent,,,,,,,,,,,,,,,,,,,,
1261,Jack Ramirez,BUZZ-SCI-7,SEC-03,,,,,,,,,,,,,,,Absent,,,,,Absent,,,Absent,,,,,,Absent,,,Absent,Absent,Absent,,Absent,Absent,,,Absent,,,Absent,,
1262,Evelyn Gonzalez,BUZZ-ELA-8,SEC-01,,,Absent,,,Absent,,,,Absent,,Absent,,,,,,,,,,,,,,,,,,,,,Absent,,,,,Absent,,,,,,,Absent
1263,Evelyn Hernandez,BUZZ-ELA-7,SEC-01,,,,,Absent,,,,,,,,,,,,,,,,,,,,,,,,,,,,,,,Absent,,,,,,,,,
1264,Jackson Scott,BUZZ-SCI-7,SEC-01,,,,,,,,,,,,,,,,,,,,,,,,,Absent,,,,,,,,,,,,,,,Absent,,,,,
1265,Jack Brown,BUZZ-SCI-7,SEC-02,,,,,,,,,,Absent,,,,,,,,Absent,,Absent,,,,,,,,,,,Absent,,,,,,,,,,,,,,Absent
1266,James Miller,BUZZ-MATH-7,SEC-03,Absent,,Absent,Absent,,,Absent,,Absent,,Absent,,,,,Absent,,,,,,Absent,,,Absent,,,Absent,,,,,,,,,,,,,Absent,,,,
1267,Emily Lee,BUZZ-MATH-7,SEC-01,,,,,Absent,,,,Absent,,,Absent,Absent,Absent,,,,,Absent,,,,Absent,Absent,,,,,Absent,,Absent,,,Absent,,,,,Absent,,,,Absent,Absent,
1268,Asher Carter,BUZZ-MATH-8,SEC-01,Absent,,,,,,,Absent,,,,,,,,,,,,Absent,,,Absent,,,,Absent,,,,,,,Absent,,,Absent,,,,,,,,
1269,Alexander Kumar,BUZZ-ELA-7,SEC-03,,,,,Absent,,,,Absent,,Absent,,,,,,Absent,,,,,Absent,Absent,Absent,,Absent,,,,,,Absent,,,,,,,,,,,,,
1270,Evelyn Martin,BUZZ-MATH-8,SEC-02,,,,,,,,,,,,,,,,,,,,,,,,,Absent,Absent,,,,,,,,,,Absent,,,,,,,,,
1271,Harper Rodriguez,BUZZ-ELA-7,SEC-03,,,,,,,,,,,,,,,,,,,,Absent,,Absent,,,,,,,,,,,,,,,Absent,,,,,Absent,,,Absent
1272,Harper Harris,BUZZ-ELA-7,SEC-03,,,,,,,,,,,,,Absent,,,Absent,,,,,,,Absent,Absent,Absent,,,,,,,,,,Absent,,,,,,,,,,
1273,Mia Allen,BUZZ-ELA-7,SEC-02,,,,,,,,,,,,,,,Absent,,,,,,Absent,,,,,Absent,Absent,,,,,,,Absent,,Absent,Absent,,,,,,Absent,,
1274,Camila Nguyen,BUZZ-MATH-7,SEC-03,,,Absent,,Absent,,,,,,,,Absent,,,,,,,Absent,Absent,,,,Absent,,,Absent,,Absent,,,,,,,,,,,,Absent,,,
1275,Natalie Davis,BUZZ-MATH-7,SEC-01,,,,,,,,,,,,,,,,Absent,,,,,,,,,,,,,,,,,,,,,,,,,,,,,
1276,Amelia Smith,BUZZ-SCI-7,SEC-03,,,,,,,,,,,,Absent,Absent,,,,,,,,,,,,,,,,,,,,,,,,,,,,,,,,
1277,Theodore Williams,BUZZ-ELA-7,SEC-02,,,Absent,,,,,Absent,,,,,Absent,,,,Absent,,Absent,,,,,,,,,,Absent,,,,Absent,,,,,,,Absent,Absent,,Absent,Absent,
1278,Eleanor White,BUZZ-ELA-7,SEC-03,,,,Absent,,Absent,,Absent,Absent,Absent,,,,,Absent,Absent,,,Absent,,,,Absent,,,,,,,,Absent,,,,Absent,,Absent,,,,,,,,Absent
1279,Stella Flores,BUZZ-ELA-7,SEC-03,,,,,,,,,,,,,,Absent,,,,,,,,Absent,,Absent,,,,Absent,,,,,,,,,,,,,,Absent,,,
1280,Thomas Roberts,BUZZ-ELA-8,SEC-01,,,,,,,,,,,,,,,,,,,,,Absent,,,,Absent,,,,,,Absent,,,,,Absent,,Absent,,,,,,,Absent
1281,Ryan Jones,BUZZ-ELA-8,SEC-03,Absent,,,,Absent,,,,Absent,,,,,,,,,,Absent,,,,,,,,,,,,,,,,,Absent,,,,,,,Absent,,Absent
1282,Isabella Clark,BUZZ-SCI-7,SEC-03,,,,,Absent,,,,,,,,,Absent,,,,Absent,,Absent,,Absent,,Absent,,,Absent,,,,,,Absent,,,,Absent,,,,,,,Absent,Absent
1283,Theodore Gonzalez,BUZZ-ELA-8,SEC-03,,,,,,,,,,,,,,,,,,,,,,,,,,,,,,,,Absent,,,,,,,,,,,,,
1284,Andrew Sanchez,BUZZ-MATH-7,SEC-03,,,,,,,,,,Absent,,,,,,,,,,,,,,Absent,,,,,,,,,,,,,,,Absent,,,,,,
1285,Emma Lee,BUZZ-MATH-7,SEC-03,,Absent,Absent,,,,,Absent,,,,,,,,,Absent,Absent,Absent,,,,,,,,Absent,,,,,Absent,,,,,Absent,,,,,,,,
1286,Grace Singh,BUZZ-ELA-7,SEC-01,,,,,,,,,,,,,,,Absent,,,,,,,,,,,,,,,,,,,,,,,,,,,,,,
1287,Camila Walker,BUZZ-MATH-8,SEC-02,,,,,,,,,,,,,,,,,,,,,,,,,,,Absent,,,Absent,Absent,,,,,Absent,Absent,,,,,,,,
1288,Bella King,BUZZ-ELA-8,SEC-03,,,,,,,,Absent,,,,,,,,,,,Absent,,,,,,,,,,,,,Absent,,,,,,,,,,,,,
1289,Olivia Lee,BUZZ-ELA-7,SEC-03,,,,,,,,,,,,,,,,,,,,,,,,,,,,,,Absent,,,,,,,,,,,,,,,Absent
1290,Dylan Wilson,BUZZ-MATH-7,SEC-01,,,,,,Absent,Absent,,,,,,,,,Absent,,,,Absent,,,,,,,,,,,,,,,Absent,,,,,Absent,,,,,
1291,Aria Martinez,BUZZ-ELA-7,SEC-01,,,,,,Absent,,,Absent,,,,Absent,,,Absent,,,,,,,,,,,,Absent,,,,,,,Absent,,,Absent,,,,Absent,,,
1292,Amelia Lee,BUZZ-ELA-8,SEC-02,,,,,,,Absent,,,,Absent,,,,Absent,,,,Absent,,,,,,,,,,,Absent,Absent,,,,,,,,,,,,,,
1293,Liam Perez,BUZZ-SCI-7,SEC-02,,,,Absent,,,,Absent,,,Absent,,,,,,Absent,,,,,,,,,Absent,,,,,,,,,,,Absent,,Absent,,,Absent,,,
1294,Chloe Lopez,BUZZ-SCI-7,SEC-02,,,,,,,,,,,,Absent,,Absent,,,,,,,,Absent,,,,,,,,,,,,,,,,,,,Absent,,,,
1295,Isabella Perez,BUZZ-MATH-8,SEC-03,,,,,,,,Absent,,Absent,,,,,,Absent,Absent,,,,Absent,Absent,,,,,,,,,Absent,Absent,,,Absent,Absent,,,,,,,,,
1296,Jackson Lopez,BUZZ-ELA-7,SEC-01,,,,,,,,,,,,,,,,,,,,,,,,,,,,,,,,,,,,,,Absent,,,,,,,
1297,Michael Jones,BUZZ-MATH-7,SEC-02,,,,,,,,,,,,,,,,,,,,,,,,,,,,,,Absent,,,Absent,,,,,Absent,,,,,,,
1298,Gabriel Rodriguez,BUZZ-SCI-7,SEC-03,,,Absent,,,,,,,,,Absent,,,,,,,,,,,,,Absent,Absent,,,Absent,,,,,,,,,Absent,,,,,,,
1299,Lucy Harris,BUZZ-MATH-8,SEC-02,Absent,,,Absent,,,,Absent,,,,,,,,Absent,,,,,,,,Absent,Absent,,,,,,,,,,,,Absent,,,,,Absent,,,
1300,Addison Sanchez,BUZZ-SCI-7,SEC-03,,Absent,,,,,,,,,,,,,Absent,Absent,Absent,,,,,,,,,,Absent,,,,Absent,,Absent,,Absent,,,Absent,,Absent,,,,Absent,
1301,Olivia Clark,BUZZ-MATH-7,SEC-03,,,,,,,,,,Absent,Absent,,,Absent,Absent,,,,,Absent,,Absent,,,,Absent,Absent,,,Absent,Absent,,Absent,,,,,,,,,,Absent,,
1302,Scarlett Carter,BUZZ-ELA-7,SEC-03,,,,,,,,,,,Absent,,,,,Absent,,,,,,,,,,Absent,,,,Absent,,,,,,,,,,,,,Absent,Absent,
1303,Logan Baker,BUZZ-ELA-7,SEC-02,,,,,,,,,,,,Absent,,,Absent,,,,,,,Absent,,Absent,,,,Absent,Absent,,Absent,,,,,,,,Absent,,,,,,
1304,Harper Rivera,BUZZ-ELA-8,SEC-03,,,,,,,,,,,,,,,,,Absent,,,,,Absent,,,Absent,,,,Absent,,,,Absent,,,,,,,,,,,Absent,
1305,Sebastian Green,BUZZ-ELA-7,SEC-02,,,,,Absent,,,Absent,Absent,,Absent,,,,,,Absent,Absent,,,,Absent,,,,Absent,,,,Absent,,,,,,,,,,,Absent,Absent,,,
1306,Lucas King,BUZZ-MATH-8,SEC-01,,,,,,,,Absent,,,,,,,,,Absent,,,,,Absent,,,,,,,,,,,,,,Absent,,,,,,,,,
1307,Harper Davis,BUZZ-MATH-7,SEC-01,,,,,,,,,,,,,,,,,,,,,,,,,,,,,,,,,,,,,,,,,,,,Absent,
1308,Logan Clark,BUZZ-ELA-8,SEC-01,,,,,,,,,,,,,,,,,,,,,,,,,,,,,,,,,,,,,,,,,,,Absent,,
1309,Jaxon Moore,BUZZ-MATH-8,SEC-03,,Absent,,,,Absent,,,,Absent,,,,,Absent,,Absent,,,,,Absent,,,,,,Absent,,,,Absent,,,Absent,,,,,,,,,,
1310,Dylan Roberts,BUZZ-MATH-8,SEC-02,,Absent,Absent,,,,,,,,,,,,,,Absent,,,,,Absent,,,,,,,,,,Absent,,,,,,Absent,,,,,,,
1311,John Carter,BUZZ-SCI-7,SEC-02,,,,,,,,,,,,,,,,,,Absent,,,,,,,,,,,Absent,,,,,,Absent,,,,,,,,,,
1312,Lily Perez,BUZZ-MATH-7,SEC-02,,Absent,,,Absent,,,,,,,,,,,,,,,,,Absent,,Absent,,Absent,,,,,,Absent,,,,,,,,,,,,,
1313,Andrew Brown,BUZZ-MATH-7,SEC-01,,,,,,,Absent,,Absent,,,,,,,Absent,,,,Absent,,,,,,,,Absent,,,,,,,,,,Absent,,Absent,Absent,Absent,,,Absent
1314,John Mitchell,BUZZ-ELA-8,SEC-02,Absent,,Absent,,,Absent,,,Absent,,,,,,Absent,Absent,,,Absent,,,,,,,,Absent,,,Absent,,,,,,,,,Absent,Absent,,,,,
1315,Ethan Harris,BUZZ-ELA-8,SEC-02,,,Absent,Absent,,,,,Absent,,,,,,,,,Absent,,,,,,,Absent,,,Absent,,,,,Absent,,,,,Absent,Absent,Absent,,Absent,,,
1316,Ethan Hall,BUZZ-MATH-8,SEC-01,,,,,,,,,,,,,,,,,,,,,,,,,,,,,,,,,,,,,,,,,,,,,
1317,Evelyn Kumar,BUZZ-ELA-8,SEC-02,,,,,Absent,,,,,,,,Absent,,,,Absent,,,,,,,,,,,,Absent,,,,,,,,,Absent,,,,,,,Absent
1318,Gabriel Garcia,BUZZ-MATH-8,SEC-01,,,,,,Absent,,,,,,,,,,,,,,,Absent,,,,,Absent,,,,Absent,,Absent,,,,,,,Absent,Absent,,Absent,,,
1319,Evelyn Jackson,BUZZ-SCI-7,SEC-03,,,,,Absent,,Absent,,Absent,,,,Absent,,,,,,,,,,Absent,,,,,Absent,Absent,Absent,,,Absent,,,,,Absent,,,,,,Absent,Absent
1320,John Singh,BUZZ-SCI-7,SEC-01,,,,,,Absent,,,,,,,,,,,,,,,,Absent,,,,,,,,,,,,,,,Absent,,,,,,,,
1321,Amelia Hall,BUZZ-MATH-7,SEC-02,,,,,Absent,,,,,,Absent,,,Absent,,,,,,,,Absent,,,,,,,,,,,,Absent,Absent,,,,Absent,,,,,,
1322,Natalie Smith,BUZZ-ELA-7,SEC-01,Absent,,,Absent,,,,,,,Absent,,,,,,,,,,,,,,,,,,,,,,Absent,,,,,,Absent,,,,,Absent,
1323,Lucas Martin,BUZZ-ELA-8,SEC-03,,,,,,,,,,,,,Absent,,Absent,,,,,,,,Absent,,,,,Absent,,,,,,,,,,,,,,,,,
1324,Eleanor Wright,BUZZ-ELA-8,SEC-03,,Absent,,,Absent,Absent,,,,,,Absent,,,,,,,,,,,,Absent,,,,,,Absent,Absent,,Absent,Absent,,Absent,Absent,Absent,Absent,,,,,Absent,
1325,Jacob Shah,BUZZ-SCI-7,SEC-01,,,,Absent,,Absent,,,,,Absent,,,,,Absent,,,,,,,,,Absent,,,,,,,,,,,,,,Absent,,,,,,
1326,Liam Adams,BUZZ-MATH-7,SEC-02,,,,,,,,,,,,,,,,,,,,Absent,,,,,,,,,,,,,,,,,,,,,,Absent,,,
1327,Aurora Kim,BUZZ-MATH-7,SEC-02,,,Absent,,,,,,,,,,,,,,,,,,Absent,,,,,,,,,,,,,,,,,,,,,,,,
1328,Camila Robinson,BUZZ-ELA-7,SEC-02,Absent,,,,,,,,,,,,Absent,,,,,,,,Absent,Absent,,Absent,,,,,,,,Absent,Absent,,,,,,,Absent,,Absent,,Absent,
1329,Skylar Hall,BUZZ-MATH-8,SEC-03,Absent,,,,,,,,,,,,,,,,,,,,,,,,,,,,,,,,,,,,,,Absent,,,,,,
1330,Hannah Kim,BUZZ-MATH-8,SEC-01,,,,,,,,Absent,,,,,,,,,,Absent,,,Absent,,,,,Absent,,,Absent,Absent,,,,,,,,,,,,,,,
1331,Liam Williams,BUZZ-ELA-7,SEC-01,,,,,,,,,,,,,,,Absent,Absent,,,,Absent,,,,,,,,,Absent,Absent,,,,,,,,,,Absent,,Absent,,,
1332,Logan Allen,BUZZ-MATH-7,SEC-03,,,,,,,,,Absent,,,,,,,,,,,,,,,,,,,,,,,Absent,,,,,,,,,,,,,
1333,Nora Harris,BUZZ-MATH-8,SEC-02,,,,,,,,Absent,,Absent,,,,,,,,,,,Absent,,,,,,,,,,,,,,,,,,,,Absent,,,,
1334,Chloe Hall,BUZZ-MATH-7,SEC-01,,,,,,,,,,,Absent,Absent,,,Absent,,,,,,,,,,,,,,Absent,,,Absent,,Absent,,,,,,,,,,,
1335,Emma Harris,BUZZ-ELA-8,SEC-01,,,,,,Absent,,Absent,,,,,,,,,,,,,,,,,,,,,,,Absent,,,,,,Absent,,,,,,,,Absent
1336,Samuel Lewis,BUZZ-SCI-7,SEC-02,Absent,Absent,,,,,,,,Absent,,,,,,,,,,,,Absent,,,Absent,,Absent,,,,,,,,Absent,,,Absent,,,,Absent,,,
1337,Hannah Lee,BUZZ-MATH-8,SEC-03,,,,,Absent,,,,,,,,Absent,,,,Absent,,,,,,,,,,,,,,,,,,,,,,,,,,,,
1338,Camila Miller,BUZZ-MATH-8,SEC-03,Absent,,Absent,,,,,,,Absent,,Absent,,Absent,Absent,,,Absent,Absent,Absent,,,Absent,,,,,,,Absent,,,Absent,,,,,,Absent,,,,,,
1339,Owen Kim,BUZZ-ELA-8,SEC-02,,,,,,,Absent,,,,,,,,,Absent,,,,,,,,,Absent,Absent,,,,,,Absent,,,Absent,,,,Absent,,,,,,
1340,Riley Wilson,BUZZ-SCI-7,SEC-02,,,,,,,,,,,Absent,,,,,,,,,,,,,,,,,,,Absent,,,,,,,,,,,,,,,
1341,Dylan Kumar,BUZZ-ELA-7,SEC-01,,,,Absent,,Absent,,,Absent,,,,,,,,,,,,,,,,Absent,,,Absent,,,,Absent,,,,Absent,,,,Absent,,,Absent,Absent,Absent
1342,Isabella Anderson,BUZZ-ELA-8,SEC-02,,,,,,Absent,,Absent,Absent,,,Absent,Absent,,,,,,Absent,Absent,,,,,,Absent,Absent,Absent,,,,,,,,,,,,,,,,,
1343,Mason Martin,BUZZ-MATH-8,SEC-03,,,Absent,,,,,,Absent,,,,,Absent,,,Absent,,Absent,,,,Absent,,,Absent,,,,,,,,Absent,Absent,,,Absent,,,,Absent,Absent,,
1344,Scarlett Baker,BUZZ-ELA-7,SEC-03,,Absent,,,,,,,Absent,,,Absent,Absent,,,,,Absent,,Absent,Absent,,,,,Absent,Absent,,,,,Absent,,,Absent,,,Absent,,,,,,,
1345,Lincoln Thomas,BUZZ-MATH-7,SEC-01,,,,,,,Absent,,,,,Absent,,,,,,Absent,Absent,,Absent,,,Absent,,,Absent,,Absent,,,,Absent,Absent,,,,,,Absent,,Absent,Absent,,
1346,Isabella Nelson,BUZZ-MATH-7,SEC-03,Absent,Absent,,,,,,Absent,,Absent,Absent,,,,Absent,,,,,,,,,,Absent,,,,,,,,,,,,,,,,,,,,Absent
1347,Harper Brown,BUZZ-ELA-8,SEC-01,,,,,,,,,Absent,,,,,,,,,,,,,,,,,,,,,,,,,,,,,,,,,,,,
1348,Mateo Green,BUZZ-MATH-8,SEC-01,,,,Absent,,,,,,,,Absent,,,,,,,,,,,,,,,,Absent,,,,,,,Absent,,,,,,,,,,
1349,Ava Robinson,BUZZ-ELA-7,SEC-03,,,,,,Absent,,,,,,,,,,,,,Absent,,,,,,,,,Absent,,Absent,,,,,,,,,,,,,,,
1350,Logan Hall,BUZZ-SCI-7,SEC-01,,,Absent,,,,,,,,,,,,Absent,,Absent,,,,,,,Absent,,,Absent,,,,,,,,Absent,,,,,,Absent,,Absent,,
1351,Scarlett Miller,BUZZ-SCI-7,SEC-01,,,,,,,,,,,,Absent,Absent,,,,,,,,,,,Absent,,Absent,Absent,Absent,,,,,,,,,Absent,,Absent,Absent,Absent,,,,
1352,Layla Sanchez,BUZZ-ELA-7,SEC-02,Absent,,,,,Absent,Absent,,Absent,,Absent,,,,,,,,,,,Absent,,Absent,,Absent,,,,,,,,,,,,,,Absent,,,,,
1353,Luke Brown,BUZZ-MATH-7,SEC-01,,,,,,,,Absent,,,,,,Absent,,,,,,,,Absent,Absent,,,,,,,,Absent,,,,,,,,,,,Absent,,,Absent
1354,Riley Nelson,BUZZ-MATH-7,SEC-03,,,,,,Absent,,,,,,,,Absent,,,,,,Absent,,Absent,,,,,,,,,,,Absent,,,,,,,,,,,,
1355,Jacob Kim,BUZZ-MATH-8,SEC-02,,,,,,Absent,,,Absent,,,,,,,,,Absent,,,,Absent,,,Absent,,,,,,,,,,,,,,,,,,,Absent,
1356,Leo Kim,BUZZ-MATH-8,SEC-03,,,,,Absent,,,,Absent,,Absent,,,Absent,Absent,,,,Absent,,,,Absent,Absent,,,,,,,Absent,Absent,,,,,,,,,,,,,
1357,Paisley Martinez,BUZZ-SCI-7,SEC-03,,,,Absent,,,,,,,,,Absent,,,,,Absent,,Absent,,,Absent,,,Absent,,,,,,,,,,,,,,,,Absent,,,
1358,Owen Wilson,BUZZ-ELA-7,SEC-01,Absent,,,,,,,Absent,,,,,,,,,,,,,,,,Absent,,,Absent,,,Absent,Absent,,,Absent,,Absent,,,,,,Absent,Absent,,
1359,Samuel Taylor,BUZZ-SCI-7,SEC-02,,,,,,,Absent,,,,,,,,,,,,,,,,,,,,,,,,,,,,,,,,,,,Absent,,,
1360,Thomas Thomas,BUZZ-MATH-7,SEC-01,,,,,,,,,,,Absent,,,,,,,,,,,,,Absent,,,,,Absent,,,,,,,,,,,,,,,,
1361,Joseph Jackson,BUZZ-ELA-8,SEC-02,,Absent,Absent,,,,,Absent,,,Absent,,,,Absent,,,,,,Absent,,,,,,,,,,,,,,,,,,,,,,,Absent,
1362,Jack Wright,BUZZ-MATH-7,SEC-01,,,,,,,,,,,,,,,,,,,,,,,Absent,,,,,Absent,,,Absent,,,,,,,,Absent,,,,,,
1363,Evelyn Chen,BUZZ-SCI-7,SEC-01,,,,Absent,,,,,,,,,,,,,,,,Absent,,,,Absent,,Absent,,Absent,,,,,Absent,,,,,,,,,,,,
1364,Michael Robinson,BUZZ-ELA-7,SEC-01,Absent,,,,,Absent,,,,,,,,,,,,,,,,,Absent,,,,,,,,,,,,,,,,,,,,,,Absent
1365,Ethan King,BUZZ-MATH-8,SEC-01,,Absent,,Absent,,,,Absent,,,,,,,,,,,,,,Absent,,,Absent,,,,,,,,,,,,,,Absent,,,,,Absent,
1366,Josiah Martin,BUZZ-ELA-7,SEC-03,,,,,,,,,,,,,,,,,,Absent,Absent,Absent,Absent,,,,,,,,,,,,,,,,,,,,,,,,
1367,Ethan Moore,BUZZ-ELA-7,SEC-01,,Absent,,Absent,,Absent,,,Absent,,,,,,Absent,,,,,,,,Absent,Absent,,,,,,,,,Absent,,,,,,Absent,,,Absent,,,
1368,Samuel Miller,BUZZ-ELA-7,SEC-02,,,,,,,,,,,,,,,,Absent,,,,Absent,,,,,,,,,,,,,,,,,,,,,,,,,
1369,Thomas Young,BUZZ-SCI-7,SEC-03,,,,,,,,,,,,,,,,,,,Absent,,,,,,,,,Absent,,,Absent,,,,,,,,,,,,,,
1370,William Carter,BUZZ-ELA-7,SEC-01,,Absent,,,Absent,,,,Absent,,,,Absent,,,,,Absent,,,Absent,Absent,Absent,,,,Absent,,,Absent,,,,,Absent,,,,,Absent,,Absent,,,Absent
1371,Mia Johnson,BUZZ-ELA-8,SEC-03,Absent,Absent,,,,,Absent,Absent,,,,,,,Absent,Absent,Absent,Absent,Absent,,,Absent,,Absent,,,Absent,,,,,,,,,,,,,,Absent,,Absent,,
1372,Ava Baker,BUZZ-ELA-7,SEC-01,Absent,,,,,,,,,,,,,Absent,Absent,,,,,,,,,Absent,Absent,,Absent,Absent,Absent,,,,,,Absent,,,,,,,,,,
1373,Grace Thomas,BUZZ-ELA-8,SEC-03,,,Absent,,,,,,Absent,,Absent,,,Absent,,,,,Absent,Absent,Absent,,,,Absent,Absent,Absent,,Absent,Absent,,,,,,Absent,,Absent,,,Absent,,,,
1374,Avery Singh,BUZZ-MATH-8,SEC-02,,,,,,,,,,,Absent,,,,,,,,,Absent,,,,,,,,,,,,,Absent,,,,,Absent,,,,,Absent,,Absent
1375,Jacob Lopez,BUZZ-ELA-7,SEC-01,,,,,,,,,,,,,,,,,,,,Absent,,,,,,,,,,,Absent,,,,,,,,,Absent,,,,Absent,
1376,Samuel Hernandez,BUZZ-ELA-7,SEC-02,,,,,,,Absent,,,,,,Absent,Absent,,,,,,,,,,,,,,,,,,,,,,,,,,,,Absent,,,
1377,Lucas Hill,BUZZ-SCI-7,SEC-01,,,,,,,Absent,,,,,,,,,,,,,,,,,,,,,,Absent,,Absent,,,,,,,Absent,,Absent,,,,,
1378,Harper Kumar,BUZZ-ELA-7,SEC-02,,,,,,,,,,,,Absent,,,,,,,,,,,,,,,,,Absent,Absent,,,,,,Absent,Absent,,,,,,,,
1379,Paisley Taylor,BUZZ-MATH-8,SEC-02,,,,,Absent,,,,,,,,,Absent,Absent,,,,,,,,Absent,,,,,,,,,,Absent,Absent,,,,,,,,,,,
1380,Noah Adams,BUZZ-ELA-8,SEC-03,Absent,,Absent,,,,,,Absent,,Absent,,,,,,,,,,,,Absent,,,,,,,,Absent,,,Absent,,,,,Absent,Absent,,,Absent,,
1381,Liam Garcia,BUZZ-ELA-7,SEC-03,,,,,,,,,,,,,,,,,,,,,,,,,,,,,,,,,,Absent,,,,Absent,,,,,,,
1382,James Green,BUZZ-MATH-8,SEC-01,,,,,,,Absent,,,,,Absent,,,,,,,,,Absent,,,,,,,,,,,,,Absent,Absent,,,,Absent,,,,,,
1383,Abigail Roberts,BUZZ-MATH-8,SEC-02,,,,,,,Absent,,,,,,,,,Absent,Absent,,,Absent,,,,,Absent,Absent,Absent,,Absent,Absent,,,,Absent,Absent,,,,,,,,,Absent,
1384,Aiden White,BUZZ-ELA-7,SEC-01,,,,Absent,,,,,,,,,,,,,,,,,,,,,,,Absent,,,,,,Absent,,,Absent,,,,,,,,,
1385,Paisley Lewis,BUZZ-MATH-8,SEC-03,,,,,,,,,,,,Absent,,,Absent,,,,,,,,,Absent,,,,,,,,,,Absent,,,,,,Absent,,Absent,,,
1386,Lily Harris,BUZZ-MATH-7,SEC-03,,,,Absent,,,,,,Absent,,,,,Absent,,,,,Absent,,,,,,,Absent,,,,Absent,,,,,,,,Absent,,,,Absent,,
1387,Abigail Jones,BUZZ-MATH-7,SEC-02,,Absent,,,,,,,,,Absent,,,,,,,Absent,,,,Absent,,,,,Absent,,,Absent,,,,,,,,,,,,,Absent,,
1388,Nora Rodriguez,BUZZ-ELA-7,SEC-01,,,,,,,,Absent,Absent,,Absent,Absent,,,,,,,Absent,,,Absent,Absent,Absent,,,,,,,,,,,Absent,,,,,Absent,Absent,,,,Absent
1389,Theodore Thomas,BUZZ-MATH-7,SEC-03,,Absent,,,,,,,,,,,,,,,,,,,,,,,Absent,Absent,,Absent,,,,,,,,,,,,,,,,,
1390,James Martinez,BUZZ-MATH-7,SEC-03,,,,,,,,,,,,,,,,Absent,,,,,,,,,,,,,,,,,,Absent,,,,,,,,,,,
1391,Ava Campbell,BUZZ-ELA-7,SEC-02,,Absent,,,,,,,Absent,,,Absent,,,,Absent,Absent,,,,Absent,Absent,Absent,,Absent,Absent,,Absent,,Absent,,,Absent,,,,,,Absent,,,,,,Absent
1392,Bella White,BUZZ-ELA-8,SEC-01,,,,,,,,,,,,,Absent,,,,,,,,,,,,,,,Absent,,,,,,,,,,Absent,Absent,,,,,Absent,Absent
1393,Stella Walker,BUZZ-MATH-8,SEC-03,,,,,,,,,,,,,,,,,,,,,,,,,,,,,,,Absent,,,,,,Absent,,,,,,,,
1394,Samuel Mitchell,BUZZ-SCI-7,SEC-02,,,,,,,,,,,,,,,,,Absent,,,,,,,,,,,,,,,,,,,,,,,,,,,,
1395,Logan Gonzalez,BUZZ-MATH-8,SEC-03,,,,,,,,,,,,,,,,,Absent,,,,,,,,,,,,,,,,,,,,,Absent,,Absent,,,,Absent,Absent
1396,Benjamin Smith,BUZZ-SCI-7,SEC-01,Absent,,,,,,,,,,Absent,,,,,Absent,,,,,,,,,,,,,Absent,,,,Absent,,,,Absent,,,,Absent,,,,
1397,Joseph Hall,BUZZ-MATH-8,SEC-02,,,,,,Absent,,,,,,,,,,Absent,,Absent,Absent,,,,,Absent,,Absent,,,,,Absent,,,,Absent,,,Absent,,Absent,,,,,
1398,Avery King,BUZZ-ELA-7,SEC-01,,,,,,,,,,,,,,,,,,,,,,,,,,,,,,,,Absent,,,,,,,,,,,,,
1399,Addison Thompson,BUZZ-ELA-7,SEC-03,Absent,,Absent,,,,Absent,Absent,Absent,,Absent,Absent,,,Absent,,,,,,,,Absent,,Absent,,,Absent,,,,Absent,,,,,,,,,Absent,,,,
1400,Aiden Allen,BUZZ-SCI-7,SEC-02,,,,,,,,,,,,,,,,,,,,Absent,,,,,Absent,,,,,,,,,,,,,,,,,Absent,,,Absent
1401,John Scott,BUZZ-SCI-7,SEC-01,,,,,,Absent,,Absent,,,Absent,,,,,,,,,,,,,,,,,,,,,,,,,,,,,,,,,,Absent
1402,Sofia Clark,BUZZ-MATH-8,SEC-01,,,,,,,Absent,,,,,,,Absent,,Absent,Absent,,,,,Absent,,Absent,,,,,Absent,,,Absent,,,,,,,,,,Absent,,,
1403,Mateo Hill,BUZZ-ELA-7,SEC-02,,Absent,,,,,,,,,,,,,,,,,,,,Absent,,,,Absent,,,,,,,,,,,,,,,,,Absent,,
1404,Leo Nguyen,BUZZ-SCI-7,SEC-01,,,Absent,,,Absent,Absent,Absent,,,Absent,,,,,,,,,,,,,Absent,,,,,,,,,,,Absent,,,,,Absent,,,Absent,,
1405,William Martin,BUZZ-MATH-8,SEC-03,,,Absent,,,,,Absent,,,,,,,,,,,,,,,,,,,,,,,,,,,,,,,,,,,,,
1406,Scarlett Anderson,BUZZ-ELA-8,SEC-03,,,,,,,,Absent,Absent,Absent,,,,,,,,,,,,,,,,,,,Absent,,,,,,,,,,,,,Absent,,,
1407,Mason White,BUZZ-SCI-7,SEC-03,,,,Absent,,,,,,,Absent,,,,,,,,,,,,,,,,,,,,,,,,Absent,,,,Absent,,,,Absent,,
1408,Ethan Clark,BUZZ-MATH-8,SEC-01,,,,,,,,,,,,,,,,Absent,,,,,,,,,,,Absent,,,,,Absent,,,,Absent,,,,,,,,,
1409,Andrew Anderson,BUZZ-ELA-7,SEC-01,,,,,,,,,,Absent,,,,,,,,,,,,,,,,,,,,,,,,Absent,,,,,,,,,,,
1410,Jack Torres,BUZZ-SCI-7,SEC-01,Absent,,,,,,,,,Absent,,,Absent,,,,Absent,,,,,,,,,,Absent,,,,,,,,Absent,,Absent,,,,,,,Absent,
1411,Josiah Campbell,BUZZ-MATH-8,SEC-01,,,,Absent,,,,,,,,,Absent,,,Absent,,Absent,,,,,,,,,,,,Absent,,,,,Absent,,,,,,,,,,
1412,Ryan Gonzalez,BUZZ-ELA-7,SEC-01,,,,,,,,,,,,,,,,,,,,,,Absent,,,Absent,,,,,,,,,,,,Absent,,,,,,,,
1413,Theodore Wright,BUZZ-ELA-7,SEC-02,Absent,,,,,,,,,,,Absent,,,,,,,,,,,,,Absent,,,Absent,,,Absent,Absent,,Absent,,,,,,Absent,Absent,,Absent,Absent,
1414,Mia Mitchell,BUZZ-ELA-7,SEC-01,,,Absent,,,,Absent,Absent,Absent,,,,,,Absent,,Absent,,,,Absent,,,,,Absent,Absent,,,,Absent,,,Absent,,,,,,,,,,,
1415,Theodore Garcia,BUZZ-ELA-7,SEC-03,,,,,,,,,,,Absent,Absent,,Absent,,,Absent,,,,Absent,,,,,,,Absent,,Absent,,,,,Absent,,,,,,,,,,
1416,Thomas Thompson,BUZZ-MATH-8,SEC-01,Absent,Absent,,Absent,,,,,,,,Absent,Absent,,Absent,,,,,,Absent,,,,,,,,,,,,,,,,,Absent,,Absent,,,,,
1417,Liam Thompson,BUZZ-ELA-8,SEC-02,,,,,,,,,,,,Absent,,,,,,,,,Absent,,,,Absent,,,,,,,,,,,,,,,,Absent,,,,
1418,Victoria Brown,BUZZ-SCI-7,SEC-02,,,,,,Absent,,,,,,,,Absent,Absent,,,,,,,,,,,,,,,,,Absent,,,,,,,,,,,,,Absent
1419,Michael Sanchez,BUZZ-ELA-8,SEC-03,,,,,,,,,Absent,,,Absent,,,,,Absent,,,,,,,,,,,,,,,,Absent,,,,,,,,,,,,
1420,Logan Torres,BUZZ-ELA-7,SEC-01,,,,,,,,,,,,,,,,,,,,,,,,,,,,,,,,,,,,,,,,,,,,,
1421,Nora Rivera,BUZZ-ELA-7,SEC-02,,,,,,,,Absent,Absent,,,,,Absent,,,Absent,,,,,,,,,,,,,Absent,,,Absent,,,Absent,,,,,Absent,,,Absent,
1422,Ella Green,BUZZ-MATH-7,SEC-02,,,Absent,Absent,,Absent,,,,,,,,,,,,Absent,,,,,,,,,,,,Absent,,Absent,,,,,,,,Absent,,Absent,,Absent,Absent
1423,William Lewis,BUZZ-ELA-8,SEC-02,,,,,,,Absent,Absent,,,,,,,,,,,,,,,,,,,,,,,,,,,,,,,,,,,,,
1424,Isabella Rodriguez,BUZZ-SCI-7,SEC-03,,,,,Absent,,Absent,,,Absent,,,,,,,,,,,,,,,,,,Absent,,Absent,,,,,,,,,,,,,,,
1425,Charlotte Jackson,BUZZ-SCI-7,SEC-02,,,,,,,,,,,Absent,,,,,,,,,,,,,,,,,,,,,,,,Absent,,,,,,,,,,
1426,Josiah Torres,BUZZ-MATH-7,SEC-01,,,,Absent,Absent,,,,,Absent,,,,,,,,,Absent,,,,,,,,,,,,,,Absent,,Absent,,,Absent,,,,,,,
1427,Andrew Carter,BUZZ-ELA-8,SEC-03,Absent,,,,,,,,,,,,Absent,,,,,,,,,Absent,Absent,,,,,,Absent,,,Absent,,,,,,,,,Absent,Absent,,,
1428,Mateo Roberts,BUZZ-MATH-7,SEC-03,,,,,,Absent,,Absent,,,,,,Absent,Absent,Absent,,,,,Absent,,,,,,Absent,Absent,,,,,,,Absent,,,,,,,,,,
1429,Lucy Anderson,BUZZ-ELA-7,SEC-01,,,,,,,Absent,,,,,,Absent,,,,,,,,Absent,,,,,,,,,,,Absent,,,,,,,,,,,,,
1430,Christopher Allen,BUZZ-ELA-7,SEC-03,,,Absent,,,Absent,,,Absent,,,,,,,,Absent,,,,Absent,Absent,,,,,,,Absent,,,,,,,,,,,,,Absent,,,
1431,Mason Carter,BUZZ-MATH-8,SEC-01,,Absent,,,,,,,,,,Absent,,,,,,,,,,Absent,,,,,,,,Absent,,,,,Absent,,,Absent,,,,,,,
1432,Sebastian Clark,BUZZ-MATH-7,SEC-01,,,,,,Absent,,,,,,,Absent,Absent,,,,,,,,,,,,,,,,Absent,,,,,,Absent,,,,,Absent,,Absent,Absent,
1433,Grace Rodriguez,BUZZ-ELA-8,SEC-01,,,,,,,,Absent,,Absent,,,,,Absent,,,,,,,Absent,Absent,,Absent,,,,,Absent,,,,,,,,,,Absent,Absent,Absent,Absent,,Absent
1434,Anthony Williams,BUZZ-MATH-7,SEC-02,,,,,,,,,Absent,Absent,,,Absent,,,Absent,,,,,,,,,Absent,,,,,,,Absent,,,,,,,,,Absent,,,,
1435,Aria Mitchell,BUZZ-SCI-7,SEC-01,,,,Absent,,,,,,,Absent,,,,,,,,,Absent,,,,Absent,,,,,,,,,,,,,,Absent,,,,Absent,,,
1436,Noah Hernandez,BUZZ-ELA-7,SEC-03,,,,,,,,Absent,,,,,,,,,,,,,,,,,,,,,,,,,,,,,,,,,,,,Absent,
1437,Dylan Thompson,BUZZ-MATH-7,SEC-03,,,,,,,,,Absent,,,,,,,,,,,,,,,,,,,,,,,,,,,,,,,,,,,,
1438,Scarlett Chen,BUZZ-MATH-7,SEC-03,Absent,,,,,,,,,Absent,,,,,Absent,,,,,,,,,Absent,,,,Absent,,,,Absent,,,,,,Absent,,Absent,,,,Absent,
1439,James Thomas,BUZZ-ELA-8,SEC-02,Absent,,,,,,,,,,,,,,,,,Absent,,,,,,,,,,,,,Absent,Absent,,,,Absent,,,Absent,,,,,,
1440,Ethan Baker,BUZZ-MATH-7,SEC-01,,,Absent,Absent,,Absent,,,,,,,,,,,Absent,,,,,,,,,,,,,,Absent,,,Absent,,Absent,Absent,,,,Absent,,,Absent,Absent
1441,Jacob Lee,BUZZ-ELA-8,SEC-03,,,,,,,,,,,,Absent,,,,,,,,,,,,Absent,,,,,,,,,,,,,,,,,,,,,
1442,Dylan Rodriguez,BUZZ-MATH-8,SEC-02,,,,,Absent,,,,,,,,,,,,,,,,,,,,,,,,,,,,,,,,,,,,,,,,
1443,Thomas Lee,BUZZ-SCI-7,SEC-03,Absent,,,,,,,,Absent,,,,,,,,,,,,Absent,,,Absent,,,,,,,,,,,,,,,,,,Absent,,,
1444,Layla Lopez,BUZZ-MATH-8,SEC-03,,,,,,,,,,,,,,,,,Absent,,,,,Absent,,,,,,,,,,,,,,,,,,,,,,,
1445,Jaxon Gonzalez,BUZZ-MATH-8,SEC-03,,,,Absent,,Absent,Absent,Absent,Absent,,,,,,,,,,,,,,,,,,,,,Absent,,,,,,Absent,,,,,,,,Absent,Absent
1446,Benjamin Perez,BUZZ-SCI-7,SEC-02,,,,Absent,,,,,,,,Absent,,,,,,,,,,,,,Absent,,,,,,,,,Absent,,,,,,,,,,,
1447,Scarlett Green,BUZZ-ELA-8,SEC-02,,,,,,,,,,,,Absent,,,,,Absent,,,,,,,,,,Absent,,,,,,,,Absent,,,,,,,,Absent,,
1448,Emily Martin,BUZZ-ELA-7,SEC-02,,,,,,,,,,,,,,,,,Absent,,,,Absent,Absent,,,,,,Absent,,,,,,Absent,Absent,Absent,Absent,,,,,,,,Absent
1449,Mia Thompson,BUZZ-ELA-7,SEC-02,Absent,,,,,,,,Absent,,,,,,,,,,,,,,,,,,Absent,,,Absent,,,,,,,,,,,Absent,,,,
1450,Aria Adams,BUZZ-ELA-7,SEC-02,,,Absent,,,,Absent,,,,,,,,Absent,Absent,,,,Absent,,,,,,,,,,,,Absent,,,Absent,,,,Absent,,,,,,
1451,Avery Rodriguez,BUZZ-MATH-7,SEC-03,,Absent,Absent,,,,,,,,,,Absent,,,,,,,,Absent,,,,,Absent,,,,,,,,Absent,,,,Absent,,,Absent,,,,
1452,Zoey Carter,BUZZ-ELA-8,SEC-03,Absent,,,,,,Absent,,,,,,,,,Absent,,,,Absent,,Absent,,,,,,,,,,Absent,,,,,,,,,Absent,,,,Absent
1453,Olivia Wright,BUZZ-ELA-8,SEC-03,,,,Absent,,,,,,,,,,,,,,,,,,,,,,,,,Absent,,,,,,,,,,,Absent,,,,,
1454,Bella Garcia,BUZZ-MATH-7,SEC-02,,,,,Absent,Absent,Absent,,Absent,Absent,,Absent,,,Absent,,,,Absent,,,,,,,,,,,Absent,Absent,,Absent,,Absent,Absent,,,,,,,,,
1455,Daniel Thomas,BUZZ-SCI-7,SEC-02,,Absent,,,Absent,Absent,,,,,Absent,Absent,,,,,,,,,Absent,,,,,,,,,,,,,,,,,,,,,,,,
1456,Jackson Harris,BUZZ-MATH-8,SEC-01,,,Absent,,,,,,,,,,,,,,,,,,,,,,,,,,,,,Absent,,Absent,,Absent,,,,,,,,,
1457,Gabriel Williams,BUZZ-MATH-7,SEC-02,,,,,,,Absent,,Absent,,,,,Absent,,,,,,,,,Absent,,,,Absent,,,,,,Absent,,,,,,,,,,,Absent,
1458,Ella Campbell,BUZZ-MATH-7,SEC-01,Absent,,,,,,,Absent,,,,,,,,Absent,,Absent,,,,,,,,,,,,,,,Absent,,Absent,,,,Absent,,,,Absent,,
1459,Henry Robinson,BUZZ-MATH-8,SEC-02,,,Absent,Absent,,,,Absent,Absent,Absent,,,Absent,,Absent,,,,Absent,,,,Absent,,Absent,Absent,,,,,,Absent,,,,Absent,Absent,,Absent,,Absent,,,,
1460,Dylan Gonzalez,BUZZ-SCI-7,SEC-03,,,,,,,Absent,,,Absent,,,,,,,,,,,,Absent,,,,,,,,,Absent,Absent,,,,,,,,,Absent,,Absent,,
1461,Natalie Wright,BUZZ-ELA-7,SEC-01,,,,,,,,,,Absent,,,Absent,,,,Absent,,Absent,,,,,,Absent,,,,Absent,,,,,,Absent,,,Absent,,,,,,,
1462,Josiah Ramirez,BUZZ-MATH-8,SEC-02,,,,,,,,Absent,,,,,,,,,,,,,,Absent,,,,Absent,,,,,,,,,,,,Absent,,,,,,,
1463,Zoey Johnson,BUZZ-ELA-8,SEC-01,,,,Absent,Absent,,,,,,Absent,,,,,,,,,Absent,,,,Absent,,,Absent,,,,,Absent,,,,,,Absent,,,,,,Absent,
1464,Owen Johnson,BUZZ-ELA-8,SEC-01,,Absent,,,,,,,,,,,,,Absent,,,,,,,,,,,,,,,Absent,,,Absent,Absent,,,,,,,,Absent,,,
1465,Lincoln Kumar,BUZZ-ELA-7,SEC-03,,,,Absent,,,Absent,Absent,,,,,,,,Absent,,,,,,,,,,Absent,,,,,,,,Absent,,,Absent,,,,Absent,,,,
1466,Aiden Davis,BUZZ-ELA-7,SEC-01,,,Absent,,Absent,,Absent,,,,Absent,,Absent,,,,,,,,,,Absent,Absent,Absent,,,,,,,,,,,,,,,,,Absent,,,Absent
1467,Aria Kumar,BUZZ-SCI-7,SEC-01,,,,Absent,,,,,,Absent,,,,,,,,,Absent,,,,,Absent,,,,,Absent,,,Absent,,,,,,Absent,Absent,,,Absent,,,Absent
1468,Avery Lee,BUZZ-ELA-8,SEC-02,,,,,,,,,,,Absent,,,,,Absent,Absent,,Absent,,,Absent,Absent,Absent,,,,,,,,,,,,,,Absent,,,,,,,
1469,Gabriel Martin,BUZZ-SCI-7,SEC-01,Absent,,,,,,,,,,,,,,,,Absent,Absent,,Absent,,Absent,,,,,,,,,Absent,,,,,,,,Absent,,,,,,
1470,Jaxon Taylor,BUZZ-MATH-8,SEC-03,,,,,Absent,,,,,,,,Absent,,,,,,,,,,Absent,,,,,,Absent,,,,Absent,Absent,,,,,,,,,,,
1471,Logan Roberts,BUZZ-MATH-8,SEC-01,Absent,,,,,,,,,,Absent,,,,,Absent,,,,,Absent,Absent,,,,,,,Absent,,,,,,,,,Absent,,,Absent,,,Absent,
1472,Lucas Sanchez,BUZZ-MATH-8,SEC-02,,,,,,,,,,,,,,,,,,,,,,,,Absent,,,,,,,,,,,Absent,,,,,,,,,,
1473,Christopher Gonzalez,BUZZ-ELA-8,SEC-02,,,,,,,Absent,,,Absent,,,Absent,Absent,,,Absent,Absent,,Absent,Absent,,,,,,,,,,,,,,,,,,,,,,,,
1474,Joseph White,BUZZ-MATH-8,SEC-03,,,,,,,,,Absent,,Absent,,,,,,,,,,,,,,,,,,,,,,,,,,,Absent,,,,,Absent,,
1475,Jackson Lee,BUZZ-ELA-7,SEC-03,,,,,,,,,,,,,,,,,,,Absent,,Absent,,,,,Absent,,Absent,,,,,,,,,,,,,,,,,
1476,Harper Scott,BUZZ-MATH-8,SEC-01,,Absent,Absent,,Absent,,,,,Absent,Absent,,Absent,,,,Absent,,,,,,,,,,,,,,,,,,Absent,,Absent,,,Absent,,,,,
1477,Mason Jackson,BUZZ-ELA-7,SEC-02,,,,,,,,,,,,,,,,,,,,,,,Absent,,,,Absent,,,,,,,Absent,,,,,Absent,,,,,,
1478,Sophia Wright,BUZZ-SCI-7,SEC-01,,,,,,,,,,,Absent,,,,,,,Absent,,,,,,,,,,,,,,,,,,Absent,,,,,,,Absent,,
1479,Hannah Rodriguez,BUZZ-SCI-7,SEC-01,,Absent,,,,,,,,,,,,,,,,,,,,,,,,,,,,,,,,,,,,,,,,,,,
1480,Michael Lopez,BUZZ-ELA-7,SEC-02,,,,Absent,,,,,Absent,,,,,,,,,Absent,Absent,,,,,,Absent,,,,,,,,,,,,,,,,,,,,
1481,Anthony Carter,BUZZ-ELA-8,SEC-02,,,,,,,,,,Absent,,,,,,,,,Absent,,,,,Absent,,,,,,,Absent,,,,,,,,,,,,,,
1482,Thomas Martinez,BUZZ-ELA-8,SEC-02,,,Absent,,,,,,,,,,,,,,Absent,,,,,,,,,,Absent,Absent,,,,,,,,,,,,,,,,,
1483,Benjamin Singh,BUZZ-SCI-7,SEC-03,,,,,,,,,,,,,,,,,,,,,,,,,,,,,,,,,,,,,,,,,,,,,
1484,Natalie Ramirez,BUZZ-MATH-7,SEC-03,,Absent,,,Absent,,Absent,,,,,Absent,Absent,,,,,,,,,,,,,,,Absent,Absent,,Absent,,,Absent,,,,,Absent,,,,,Absent,
1485,Riley Baker,BUZZ-MATH-7,SEC-03,,Absent,,,,,,,,,,,,,,,,,,,,,,,,,,,,,,,,,,,,,,,,,Absent,,
1486,Harper Lewis,BUZZ-MATH-8,SEC-03,,,,,,,,,,,,,,,,,,,,,,,,,,,,Absent,,,,,,,,Absent,,,,,,,,,
1487,Ava Gonzalez,BUZZ-ELA-7,SEC-01,Absent,,,,,,,,,,,,,Absent,,,,,Absent,,,Absent,,Absent,Absent,,,,,,,,,,,Absent,,,,,,,,,
1488,Noah Williams,BUZZ-ELA-8,SEC-01,,,,Absent,,,,Absent,,,,Absent,,,,Absent,,,,,,,,Absent,,,,,,,,,,,,,,,,Absent,Absent,,,,
1489,Emily White,BUZZ-MATH-7,SEC-02,,,Absent,,,,,,,,Absent,,,,,Absent,,Absent,Absent,,,,,,Absent,,,Absent,,,,,,,,,,,,,,,,,
1490,Natalie Clark,BUZZ-SCI-7,SEC-01,,Absent,,Absent,,,,,,,,Absent,,,,,,,,,,Absent,Absent,,,,,,,,,,,,Absent,,,Absent,,Absent,,,,Absent,
1491,Josiah Kim,BUZZ-MATH-7,SEC-02,,,,,,,,,,,,,Absent,,,,,,,,,Absent,,,,,,,,Absent,,,,,,,,,,,,,,,
1492,Lincoln Davis,BUZZ-ELA-8,SEC-03,Absent,,,,,,,,,,Absent,,Absent,,,,Absent,,Absent,,,,,Absent,,,,Absent,,,,,,,,,,Absent,,Absent,Absent,,,Absent,
1493,Nora Martin,BUZZ-SCI-7,SEC-01,Absent,,,,,,,Absent,,,,,,,,,Absent,,,Absent,,,,,Absent,,,,,Absent,,Absent,,Absent,,,,,,,,,,,
1494,William Robinson,BUZZ-SCI-7,SEC-03,,,,,Absent,,,,Absent,,,,,,,,,,,,,,,,,,,,,,,,,Absent,,Absent,,,,,,Absent,,,
1495,Paisley Clark,BUZZ-MATH-8,SEC-01,,,,,,,,,,,,,,,,Absent,,,,,,,,,Absent,,,,,Absent,,,Absent,Absent,,,,,,,Absent,,,,
1496,Alexander Taylor,BUZZ-ELA-8,SEC-03,,,,,,Absent,Absent,Absent,,Absent,Absent,,,,,,,,,,,,Absent,,,,,,,,,,,Absent,Absent,,Absent,,,,,Absent,,Absent,
1497,Samuel Rivera,BUZZ-SCI-7,SEC-02,,,,,,,,,,,,,,,,,Absent,,Absent,,,Absent,,,,,,,,,,,,,,,Absent,,,,,,,,
1498,Liam Lee,BUZZ-MATH-7,SEC-03,Absent,,,,,,,,,Absent,,,,,,,,,,,,,,,,,Absent,Absent,,Absent,,,,,,,,,,,,,,Absent,
1499,Amelia Wright,BUZZ-ELA-7,SEC-01,,,,,,,Absent,,,Absent,,,,,,,,,,,,,,,Absent,,,Absent,,Absent,,,,,,,,,,,,,,,
1500,Addison Mitchell,BUZZ-SCI-7,SEC-03,,,,,,,,,,,,,,,,,Absent,,Absent,,,,,,,,,,,,,,,,,,,,,,,,,,Absent
