EDUID,Student Name,Course ID,Section ID,Math Scale Score,Math Performance Level,ELA Scale Score,ELA Performance Level
959FAKE34,Emma Wilson,BUZZ-ELA-8,SEC-02,675,Basic,722,Proficient
619FAKE47,Isabella Martin,BUZZ-MATH-7,SEC-02,728,Proficient,738,Proficient
230FAKE63,Hannah Shah,BUZZ-SCI-7,SEC-03,643,Below Basic,649,Below Basic
930FAKE35,Ryan Garcia,BUZZ-SCI-7,SEC-03,683,Basic,662,Basic
426FAKE55,Noah Singh,BUZZ-ELA-8,SEC-02,641,Below Basic,669,Basic
907FAKE23,Lucy Hall,BUZZ-MATH-8,SEC-01,721,Proficient,775,Advanced
267FAKE90,Paisley Mitchell,BUZZ-MATH-7,SEC-01,757,Proficient,749,Proficient
265FAKE67,Aurora Carter,BUZZ-MATH-8,SEC-02,739,Proficient,733,Proficient
738FAKE75,Mateo Kim,BUZZ-MATH-7,SEC-01,685,Basic,743,Proficient
587FAKE22,Theodore Singh,BUZZ-SCI-7,SEC-01,779,Advanced,713,Basic
338FAKE76,Lucy Flores,BUZZ-MATH-8,SEC-01,745,Proficient,708,Basic
659FAKE99,Charlotte Clark,BUZZ-MATH-7,SEC-03,711,Basic,777,Advanced
912FAKE53,Chloe Green,BUZZ-ELA-7,SEC-02,671,Basic,633,Below Basic
224FAKE70,Logan Nelson,BUZZ-SCI-7,SEC-01,610,Below Basic,665,Basic
424FAKE97,Mateo Rodriguez,BUZZ-ELA-7,SEC-02,769,Proficient,684,Basic
809FAKE16,Riley Chen,BUZZ-MATH-8,SEC-02,800,Advanced,745,Proficient
468FAKE26,Nora Carter,BUZZ-MATH-8,SEC-03,796,Advanced,686,Basic
492FAKE81,Aurora Thompson,BUZZ-MATH-8,SEC-01,642,Below Basic,603,Below Basic
588FAKE82,Mason Ramirez,BUZZ-ELA-7,SEC-02,720,Proficient,673,Basic
134FAKE89,Aria Scott,BUZZ-MATH-7,SEC-02,642,Below Basic,713,Basic
829FAKE35,Ethan Hill,BUZZ-MATH-8,SEC-02,786,Advanced,768,Proficient
512FAKE36,Victoria Rivera,BUZZ-ELA-8,SEC-01,746,Proficient,788,Advanced
498FAKE28,Benjamin Martin,BUZZ-SCI-7,SEC-02,769,Proficient,635,Below Basic
196FAKE87,Anthony Patel,BUZZ-ELA-8,SEC-03,755,Proficient,725,Proficient
528FAKE77,Olivia Brown,BUZZ-MATH-8,SEC-02,720,Proficient,764,Proficient
985FAKE11,Eleanor Rivera,BUZZ-SCI-7,SEC-01,787,Advanced,795,Advanced
690FAKE33,Noah Kim,BUZZ-SCI-7,SEC-02,757,Proficient,740,Proficient
179FAKE83,Anthony Thomas,BUZZ-MATH-8,SEC-01,694,Basic,800,Advanced
905FAKE27,Victoria Lee,BUZZ-MATH-8,SEC-03,731,Proficient,743,Proficient
820FAKE69,Anthony Rodriguez,BUZZ-MATH-7,SEC-01,632,Below Basic,771,Advanced
585FAKE88,Isabella Ramirez,BUZZ-ELA-8,SEC-03,639,Below Basic,762,Proficient
782FAKE79,Layla Green,BUZZ-MATH-8,SEC-01,746,Proficient,773,Advanced
977FAKE74,Bella Davis,BUZZ-ELA-7,SEC-02,662,Basic,729,Proficient
632FAKE48,Olivia Taylor,BUZZ-MATH-7,SEC-03,694,Basic,604,Below Basic
998FAKE36,Victoria Flores,BUZZ-MATH-8,SEC-02,678,Basic,620,Below Basic
876FAKE45,Owen Young,BUZZ-MATH-7,SEC-01,652,Below Basic,638,Below Basic
337FAKE98,Lily Taylor,BUZZ-MATH-8,SEC-03,616,Below Basic,629,Below Basic
240FAKE44,Thomas Martin,BUZZ-ELA-8,SEC-01,711,Basic,736,Proficient
636FAKE99,Eleanor Torres,BUZZ-ELA-7,SEC-03,772,Advanced,699,Basic
539FAKE70,Aurora Johnson,BUZZ-ELA-8,SEC-02,777,Advanced,783,Advanced
558FAKE71,Penelope Ramirez,BUZZ-ELA-7,SEC-02,742,Proficient,659,Below Basic
658FAKE28,Gabriel Campbell,BUZZ-MATH-8,SEC-03,618,Below Basic,679,Basic
350FAKE46,Emily Kim,BUZZ-MATH-8,SEC-02,767,Proficient,659,Below Basic
483FAKE63,Lucy Williams,BUZZ-ELA-8,SEC-03,628,Below Basic,729,Proficient
546FAKE96,Lily Walker,BUZZ-ELA-7,SEC-01,757,Proficient,778,Advanced
449FAKE98,Natalie Nguyen,BUZZ-MATH-8,SEC-02,662,Basic,720,Proficient
260FAKE46,Gabriel Smith,BUZZ-MATH-8,SEC-03,724,Proficient,766,Proficient
352FAKE56,Daniel Mitchell,BUZZ-ELA-7,SEC-03,765,Proficient,768,Proficient
949FAKE55,Lily Adams,BUZZ-ELA-7,SEC-01,764,Proficient,636,Below Basic
216FAKE24,Aurora Hill,BUZZ-ELA-7,SEC-02,682,Basic,626,Below Basic
230FAKE90,Sophia Scott,BUZZ-MATH-7,SEC-01,679,Basic,673,Basic
188FAKE20,Stella Torres,BUZZ-ELA-7,SEC-02,685,Basic,677,Basic
699FAKE66,Aurora Mitchell,BUZZ-SCI-7,SEC-03,685,Basic,659,Below Basic
347FAKE44,Stella Shah,BUZZ-SCI-7,SEC-03,798,Advanced,781,Advanced
197FAKE82,Ava Kumar,BUZZ-ELA-8,SEC-01,703,Basic,614,Below Basic
660FAKE44,Avery Kim,BUZZ-MATH-7,SEC-02,652,Below Basic,781,Advanced
983FAKE15,Grace Johnson,BUZZ-ELA-8,SEC-01,748,Proficient,711,Basic
552FAKE61,Elizabeth Lopez,BUZZ-ELA-7,SEC-01,779,Advanced,683,Basic
182FAKE41,Noah White,BUZZ-MATH-8,SEC-03,664,Basic,789,Advanced
137FAKE29,Lily Davis,BUZZ-MATH-7,SEC-02,756,Proficient,791,Advanced
996FAKE71,Ethan Adams,BUZZ-ELA-8,SEC-03,723,Proficient,702,Basic
289FAKE89,Owen Carter,BUZZ-ELA-8,SEC-02,758,Proficient,676,Basic
174FAKE63,Mason Rivera,BUZZ-MATH-7,SEC-02,719,Basic,659,Below Basic
238FAKE18,Aiden Rodriguez,BUZZ-MATH-8,SEC-03,663,Basic,635,Below Basic
855FAKE60,Zoey Jackson,BUZZ-MATH-8,SEC-03,628,Below Basic,613,Below Basic
419FAKE54,Natalie Lee,BUZZ-MATH-8,SEC-02,673,Basic,607,Below Basic
121FAKE26,Chloe White,BUZZ-ELA-8,SEC-01,701,Basic,654,Below Basic
578FAKE80,Avery Garcia,BUZZ-MATH-8,SEC-03,721,Proficient,683,Basic
193FAKE51,Camila Lopez,BUZZ-ELA-8,SEC-02,653,Below Basic,628,Below Basic
389FAKE19,Liam Nelson,BUZZ-ELA-7,SEC-02,730,Proficient,691,Basic
649FAKE71,Aria Nguyen,BUZZ-MATH-8,SEC-01,662,Basic,709,Basic
840FAKE95,Grace Wilson,BUZZ-MATH-8,SEC-02,739,Proficient,622,Below Basic
761FAKE28,Ryan Roberts,BUZZ-ELA-8,SEC-03,776,Advanced,715,Basic
718FAKE33,Aria Young,BUZZ-MATH-7,SEC-02,685,Basic,769,Proficient
142FAKE38,Sofia Garcia,BUZZ-ELA-7,SEC-01,738,Proficient,737,Proficient
313FAKE45,Emma Nelson,BUZZ-ELA-8,SEC-02,796,Advanced,685,Basic
227FAKE57,Stella Thompson,BUZZ-MATH-8,SEC-03,727,Proficient,722,Proficient
547FAKE78,Theodore King,BUZZ-SCI-7,SEC-02,677,Basic,672,Basic
727FAKE66,David Patel,BUZZ-MATH-8,SEC-02,603,Below Basic,666,Basic
494FAKE28,Lincoln Sanchez,BUZZ-MATH-8,SEC-01,798,Advanced,651,Below Basic
845FAKE88,Emma Martinez,BUZZ-MATH-7,SEC-03,755,Proficient,611,Below Basic
308FAKE54,Logan Lee,BUZZ-ELA-7,SEC-01,671,Basic,628,Below Basic
506FAKE68,Nora Wright,BUZZ-ELA-7,SEC-01,755,Proficient,621,Below Basic
227FAKE93,Isabella Mitchell,BUZZ-MATH-7,SEC-01,718,Basic,785,Advanced
987FAKE66,Ethan Rodriguez,BUZZ-MATH-8,SEC-03,797,Advanced,696,Basic
841FAKE30,Harper Garcia,BUZZ-ELA-8,SEC-01,795,Advanced,608,Below Basic
554FAKE59,Jackson Hall,BUZZ-SCI-7,SEC-01,663,Basic,773,Advanced
185FAKE64,Scarlett Young,BUZZ-ELA-7,SEC-03,782,Advanced,664,Basic
876FAKE48,Aurora Baker,BUZZ-MATH-8,SEC-01,791,Advanced,790,Advanced
486FAKE77,Nora Baker,BUZZ-MATH-7,SEC-01,797,Advanced,796,Advanced
592FAKE91,Leo Taylor,BUZZ-MATH-8,SEC-03,790,Advanced,627,Below Basic
812FAKE51,Luke Moore,BUZZ-MATH-7,SEC-02,693,Basic,767,Proficient
192FAKE90,Abigail Rodriguez,BUZZ-MATH-8,SEC-01,775,Advanced,792,Advanced
232FAKE10,Emma Jones,BUZZ-MATH-8,SEC-03,760,Proficient,756,Proficient
510FAKE18,Aiden Anderson,BUZZ-MATH-8,SEC-01,650,Below Basic,692,Basic
786FAKE59,Alexander Nelson,BUZZ-ELA-7,SEC-02,658,Below Basic,701,Basic
389FAKE39,Lily Anderson,BUZZ-MATH-7,SEC-01,683,Basic,654,Below Basic
717FAKE69,Ethan Jackson,BUZZ-MATH-8,SEC-03,763,Proficient,702,Basic
299FAKE97,Mateo Kumar,BUZZ-ELA-7,SEC-03,624,Below Basic,775,Advanced
644FAKE92,Avery Sanchez,BUZZ-MATH-8,SEC-01,760,Proficient,684,Basic
588FAKE46,Ella Singh,BUZZ-SCI-7,SEC-03,737,Proficient,672,Basic
650FAKE24,Sebastian Lee,BUZZ-ELA-7,SEC-03,612,Below Basic,717,Basic
124FAKE30,John Kim,BUZZ-MATH-7,SEC-01,772,Advanced,790,Advanced
946FAKE46,Daniel Robinson,BUZZ-MATH-7,SEC-01,607,Below Basic,671,Basic
672FAKE34,Natalie Robinson,BUZZ-ELA-8,SEC-01,631,Below Basic,690,Basic
206FAKE53,Isabella Lopez,BUZZ-MATH-7,SEC-02,721,Proficient,721,Proficient
393FAKE89,Olivia Kumar,BUZZ-MATH-8,SEC-02,678,Basic,729,Proficient
229FAKE51,Gabriel Baker,BUZZ-ELA-7,SEC-02,790,Advanced,781,Advanced
899FAKE21,Anthony White,BUZZ-ELA-8,SEC-03,624,Below Basic,792,Advanced
709FAKE85,Christopher Thompson,BUZZ-ELA-8,SEC-02,696,Basic,732,Proficient
863FAKE37,Aurora Harris,BUZZ-SCI-7,SEC-02,749,Proficient,692,Basic
989FAKE91,Daniel Miller,BUZZ-MATH-8,SEC-03,614,Below Basic,782,Advanced
519FAKE15,Alexander Jackson,BUZZ-ELA-7,SEC-02,717,Basic,717,Basic
592FAKE54,Jack Chen,BUZZ-MATH-8,SEC-01,726,Proficient,746,Proficient
636FAKE94,Ava Nelson,BUZZ-ELA-7,SEC-02,783,Advanced,749,Proficient
624FAKE51,Skylar Wright,BUZZ-ELA-8,SEC-01,755,Proficient,796,Advanced
866FAKE24,Paisley Roberts,BUZZ-MATH-8,SEC-02,657,Below Basic,756,Proficient
872FAKE62,Aurora Nelson,BUZZ-MATH-7,SEC-02,797,Advanced,795,Advanced
850FAKE38,Sebastian Ramirez,BUZZ-SCI-7,SEC-01,626,Below Basic,713,Basic
353FAKE66,Bella Campbell,BUZZ-MATH-8,SEC-02,683,Basic,624,Below Basic
154FAKE14,Alexander Lopez,BUZZ-ELA-7,SEC-01,771,Advanced,694,Basic
203FAKE39,Sophia Singh,BUZZ-SCI-7,SEC-03,771,Advanced,630,Below Basic
788FAKE11,Josiah Perez,BUZZ-SCI-7,SEC-03,629,Below Basic,742,Proficient
959FAKE38,Ryan Torres,BUZZ-MATH-8,SEC-01,606,Below Basic,650,Below Basic
462FAKE58,Bella Patel,BUZZ-MATH-8,SEC-02,729,Proficient,703,Basic
860FAKE68,Mia Miller,BUZZ-ELA-8,SEC-03,631,Below Basic,603,Below Basic
574FAKE89,Asher Hall,BUZZ-MATH-7,SEC-02,781,Advanced,648,Below Basic
762FAKE67,Daniel Jones,BUZZ-ELA-8,SEC-03,753,Proficient,738,Proficient
937FAKE61,David Thomas,BUZZ-ELA-8,SEC-03,794,Advanced,775,Advanced
605FAKE44,Dylan Taylor,BUZZ-SCI-7,SEC-01,679,Basic,756,Proficient
755FAKE42,Mateo Wilson,BUZZ-ELA-7,SEC-03,757,Proficient,674,Basic
917FAKE69,Anthony Harris,BUZZ-ELA-7,SEC-03,798,Advanced,783,Advanced
815FAKE40,Camila Kumar,BUZZ-ELA-7,SEC-03,714,Basic,689,Basic
562FAKE45,Daniel Perez,BUZZ-ELA-7,SEC-01,770,Advanced,800,Advanced
874FAKE61,James Roberts,BUZZ-SCI-7,SEC-03,635,Below Basic,627,Below Basic
951FAKE13,Thomas Kim,BUZZ-MATH-8,SEC-01,710,Basic,638,Below Basic
647FAKE76,Jackson Wright,BUZZ-SCI-7,SEC-03,792,Advanced,789,Advanced
893FAKE70,Lincoln Garcia,BUZZ-MATH-8,SEC-02,717,Basic,795,Advanced
820FAKE55,Liam Campbell,BUZZ-ELA-7,SEC-02,657,Below Basic,602,Below Basic
607FAKE30,Riley Thomas,BUZZ-ELA-7,SEC-03,793,Advanced,762,Proficient
408FAKE63,John Young,BUZZ-ELA-8,SEC-02,800,Advanced,726,Proficient
424FAKE63,Joseph Taylor,BUZZ-MATH-7,SEC-01,797,Advanced,740,Proficient
648FAKE91,Asher Rivera,BUZZ-MATH-8,SEC-01,656,Below Basic,629,Below Basic
923FAKE79,Bella Jackson,BUZZ-ELA-8,SEC-03,705,Basic,748,Proficient
180FAKE44,Josiah Thomas,BUZZ-ELA-8,SEC-02,689,Basic,614,Below Basic
307FAKE68,William Patel,BUZZ-SCI-7,SEC-02,694,Basic,762,Proficient
647FAKE83,Jaxon Wilson,BUZZ-ELA-8,SEC-02,733,Proficient,723,Proficient
543FAKE61,Jacob Johnson,BUZZ-ELA-8,SEC-02,613,Below Basic,750,Proficient
680FAKE45,Camila Gonzalez,BUZZ-MATH-8,SEC-01,708,Basic,717,Basic
629FAKE53,Sofia Adams,BUZZ-MATH-7,SEC-02,764,Proficient,692,Basic
222FAKE77,Anthony Campbell,BUZZ-SCI-7,SEC-01,628,Below Basic,733,Proficient
362FAKE65,Camila King,BUZZ-MATH-8,SEC-02,602,Below Basic,766,Proficient
215FAKE49,Thomas Rivera,BUZZ-ELA-7,SEC-03,632,Below Basic,620,Below Basic
838FAKE91,Anthony Chen,BUZZ-MATH-7,SEC-03,696,Basic,691,Basic
592FAKE73,Olivia Flores,BUZZ-ELA-7,SEC-03,602,Below Basic,765,Proficient
114FAKE24,Noah Wright,BUZZ-ELA-7,SEC-02,769,Proficient,728,Proficient
345FAKE42,Olivia Hill,BUZZ-MATH-8,SEC-02,700,Basic,778,Advanced
777FAKE82,Alexander Martinez,BUZZ-ELA-8,SEC-02,657,Below Basic,655,Below Basic
815FAKE93,Zoey Chen,BUZZ-MATH-7,SEC-03,664,Basic,770,Advanced
669FAKE81,Isabella Lewis,BUZZ-MATH-7,SEC-01,791,Advanced,788,Advanced
213FAKE12,Anthony Kim,BUZZ-ELA-7,SEC-02,722,Proficient,692,Basic
592FAKE15,Jack Walker,BUZZ-ELA-7,SEC-01,601,Below Basic,695,Basic
538FAKE74,Nora Hernandez,BUZZ-ELA-8,SEC-03,695,Basic,747,Proficient
275FAKE69,Anthony Hill,BUZZ-MATH-7,SEC-03,741,Proficient,750,Proficient
845FAKE10,Paisley Baker,BUZZ-SCI-7,SEC-01,651,Below Basic,694,Basic
604FAKE24,Ella Garcia,BUZZ-MATH-7,SEC-01,755,Proficient,752,Proficient
295FAKE88,Henry Young,BUZZ-ELA-7,SEC-02,756,Proficient,641,Below Basic
573FAKE46,Bella Harris,BUZZ-ELA-7,SEC-02,789,Advanced,787,Advanced
818FAKE98,Sophia Martinez,BUZZ-MATH-7,SEC-01,701,Basic,716,Basic
138FAKE52,James Hill,BUZZ-SCI-7,SEC-03,621,Below Basic,745,Proficient
777FAKE78,Sebastian Roberts,BUZZ-MATH-7,SEC-03,669,Basic,686,Basic
582FAKE51,Olivia Martinez,BUZZ-ELA-7,SEC-03,758,Proficient,795,Advanced
473FAKE21,Jaxon Lewis,BUZZ-MATH-8,SEC-03,644,Below Basic,736,Proficient
749FAKE76,Jack Nelson,BUZZ-MATH-7,SEC-01,736,Proficient,623,Below Basic
694FAKE33,Mia Hall,BUZZ-MATH-7,SEC-02,668,Basic,753,Proficient
679FAKE28,Michael Singh,BUZZ-SCI-7,SEC-02,680,Basic,708,Basic
533FAKE89,Avery Anderson,BUZZ-SCI-7,SEC-02,656,Below Basic,739,Proficient
598FAKE20,Josiah Nguyen,BUZZ-ELA-7,SEC-01,750,Proficient,798,Advanced
245FAKE17,Henry Roberts,BUZZ-MATH-8,SEC-01,770,Advanced,731,Proficient
947FAKE62,Mateo Jones,BUZZ-MATH-7,SEC-03,741,Proficient,723,Proficient
745FAKE61,Layla Thompson,BUZZ-MATH-8,SEC-03,749,Proficient,633,Below Basic
308FAKE17,Alexander Robinson,BUZZ-MATH-8,SEC-01,672,Basic,800,Advanced
784FAKE80,Thomas Lewis,BUZZ-MATH-8,SEC-03,689,Basic,613,Below Basic
922FAKE21,Charlotte Thomas,BUZZ-ELA-8,SEC-02,728,Proficient,796,Advanced
798FAKE94,Lily Singh,BUZZ-MATH-8,SEC-03,756,Proficient,723,Proficient
983FAKE40,Anthony Johnson,BUZZ-MATH-8,SEC-02,768,Proficient,762,Proficient
302FAKE43,Stella Brown,BUZZ-MATH-7,SEC-03,642,Below Basic,655,Below Basic
873FAKE52,Aria Wilson,BUZZ-ELA-8,SEC-01,618,Below Basic,622,Below Basic
675FAKE28,Ella Young,BUZZ-ELA-7,SEC-01,739,Proficient,745,Proficient
224FAKE48,Josiah Carter,BUZZ-ELA-8,SEC-01,778,Advanced,623,Below Basic
443FAKE53,Sebastian Scott,BUZZ-SCI-7,SEC-03,616,Below Basic,687,Basic
935FAKE17,Victoria Campbell,BUZZ-ELA-7,SEC-03,700,Basic,751,Proficient
217FAKE60,Joseph Hill,BUZZ-ELA-7,SEC-02,639,Below Basic,659,Below Basic
842FAKE68,Andrew Kumar,BUZZ-SCI-7,SEC-03,771,Advanced,742,Proficient
530FAKE91,Penelope Jones,BUZZ-ELA-7,SEC-01,780,Advanced,725,Proficient
171FAKE63,Noah Garcia,BUZZ-ELA-8,SEC-03,754,Proficient,745,Proficient
585FAKE99,Elizabeth Martinez,BUZZ-MATH-7,SEC-01,763,Proficient,660,Basic
330FAKE37,Asher Thompson,BUZZ-ELA-8,SEC-01,731,Proficient,754,Proficient
666FAKE60,Ethan Torres,BUZZ-MATH-7,SEC-03,754,Proficient,643,Below Basic
902FAKE83,Hannah Brown,BUZZ-ELA-7,SEC-01,797,Advanced,661,Basic
914FAKE20,Emma Ramirez,BUZZ-MATH-7,SEC-03,729,Proficient,800,Advanced
320FAKE98,Hannah Young,BUZZ-ELA-7,SEC-02,740,Proficient,660,Basic
524FAKE16,Josiah Harris,BUZZ-MATH-8,SEC-02,696,Basic,687,Basic
833FAKE37,Abigail Thompson,BUZZ-MATH-8,SEC-02,716,Basic,658,Below Basic
412FAKE82,Gabriel King,BUZZ-ELA-8,SEC-02,729,Proficient,640,Below Basic
738FAKE23,Aiden Martin,BUZZ-SCI-7,SEC-02,630,Below Basic,706,Basic
873FAKE39,Skylar Lewis,BUZZ-MATH-7,SEC-03,742,Proficient,686,Basic
398FAKE97,Thomas Moore,BUZZ-MATH-8,SEC-01,764,Proficient,647,Below Basic
573FAKE51,Evelyn Clark,BUZZ-MATH-7,SEC-02,786,Advanced,656,Below Basic
931FAKE57,Benjamin Lee,BUZZ-ELA-8,SEC-02,800,Advanced,782,Advanced
261FAKE67,Skylar Rodriguez,BUZZ-ELA-7,SEC-01,737,Proficient,769,Proficient
681FAKE98,Anthony Shah,BUZZ-SCI-7,SEC-03,639,Below Basic,698,Basic
723FAKE15,Michael Jackson,BUZZ-SCI-7,SEC-02,785,Advanced,668,Basic
457FAKE78,Zoey Davis,BUZZ-SCI-7,SEC-01,665,Basic,745,Proficient
917FAKE43,Elizabeth Davis,BUZZ-ELA-7,SEC-03,751,Proficient,600,Below Basic
258FAKE93,Grace Nelson,BUZZ-SCI-7,SEC-03,778,Advanced,770,Advanced
647FAKE55,Leo Rivera,BUZZ-ELA-8,SEC-02,782,Advanced,644,Below Basic
695FAKE87,Paisley Nelson,BUZZ-SCI-7,SEC-01,738,Proficient,771,Advanced
577FAKE70,David Walker,BUZZ-SCI-7,SEC-02,764,Proficient,622,Below Basic
868FAKE76,Michael Hall,BUZZ-ELA-8,SEC-03,725,Proficient,766,Proficient
299FAKE42,Emma Nguyen,BUZZ-MATH-8,SEC-01,678,Basic,764,Proficient
656FAKE42,James Adams,BUZZ-MATH-7,SEC-03,690,Basic,701,Basic
984FAKE82,Layla Hall,BUZZ-ELA-7,SEC-02,767,Proficient,734,Proficient
386FAKE72,Sophia Rodriguez,BUZZ-SCI-7,SEC-03,626,Below Basic,637,Below Basic
243FAKE89,Logan Jones,BUZZ-ELA-8,SEC-01,662,Basic,690,Basic
873FAKE58,Nora Taylor,BUZZ-ELA-8,SEC-02,726,Proficient,679,Basic
735FAKE89,Joseph Martin,BUZZ-ELA-8,SEC-01,673,Basic,675,Basic
513FAKE40,Camila Thompson,BUZZ-ELA-7,SEC-02,646,Below Basic,712,Basic
348FAKE84,Chloe Lee,BUZZ-MATH-7,SEC-01,797,Advanced,652,Below Basic
905FAKE79,Nora Campbell,BUZZ-SCI-7,SEC-03,715,Basic,650,Below Basic
417FAKE40,Leo Martinez,BUZZ-ELA-8,SEC-01,757,Proficient,759,Proficient
400FAKE41,Liam Green,BUZZ-MATH-7,SEC-03,762,Proficient,767,Proficient
386FAKE55,Stella Patel,BUZZ-ELA-8,SEC-03,740,Proficient,717,Basic
483FAKE58,Joseph Ramirez,BUZZ-MATH-7,SEC-02,740,Proficient,794,Advanced
142FAKE25,Aria Miller,BUZZ-MATH-7,SEC-01,787,Advanced,723,Proficient
676FAKE17,Harper Carter,BUZZ-ELA-7,SEC-03,744,Proficient,631,Below Basic
693FAKE68,Victoria Rodriguez,BUZZ-ELA-7,SEC-02,650,Below Basic,600,Below Basic
861FAKE48,Amelia Allen,BUZZ-MATH-7,SEC-02,761,Proficient,625,Below Basic
999FAKE42,William Lee,BUZZ-MATH-8,SEC-01,671,Basic,678,Basic
725FAKE53,Camila Green,BUZZ-ELA-8,SEC-01,659,Below Basic,737,Proficient
136FAKE60,Aiden Thomas,BUZZ-SCI-7,SEC-03,753,Proficient,650,Below Basic
746FAKE27,Jaxon Baker,BUZZ-ELA-7,SEC-01,781,Advanced,731,Proficient
748FAKE56,Joseph Walker,BUZZ-SCI-7,SEC-02,734,Proficient,630,Below Basic
455FAKE41,Joseph Kim,BUZZ-SCI-7,SEC-02,691,Basic,730,Proficient
504FAKE31,Skylar Sanchez,BUZZ-MATH-7,SEC-01,781,Advanced,788,Advanced
661FAKE98,Liam Carter,BUZZ-ELA-7,SEC-01,773,Advanced,683,Basic
223FAKE61,Jaxon Rodriguez,BUZZ-MATH-8,SEC-01,671,Basic,740,Proficient
371FAKE11,Leo Chen,BUZZ-MATH-7,SEC-02,755,Proficient,698,Basic
486FAKE27,Asher Moore,BUZZ-ELA-7,SEC-03,659,Below Basic,669,Basic
552FAKE66,Alexander Carter,BUZZ-ELA-8,SEC-02,746,Proficient,776,Advanced
530FAKE99,Joseph Patel,BUZZ-ELA-8,SEC-01,756,Proficient,624,Below Basic
817FAKE94,Joseph Harris,BUZZ-ELA-7,SEC-03,766,Proficient,626,Below Basic
224FAKE41,Leo Walker,BUZZ-MATH-7,SEC-01,742,Proficient,660,Basic
238FAKE65,Amelia Rivera,BUZZ-ELA-8,SEC-03,773,Advanced,683,Basic
778FAKE70,Jack Campbell,BUZZ-MATH-8,SEC-03,719,Basic,664,Basic
600FAKE29,Evelyn Jones,BUZZ-ELA-7,SEC-03,706,Basic,779,Advanced
233FAKE73,Elizabeth Patel,BUZZ-ELA-8,SEC-03,678,Basic,673,Basic
718FAKE92,Noah Roberts,BUZZ-SCI-7,SEC-01,766,Proficient,717,Basic
248FAKE35,Sophia Garcia,BUZZ-ELA-8,SEC-02,730,Proficient,667,Basic
967FAKE13,Josiah Wilson,BUZZ-SCI-7,SEC-02,600,Below Basic,785,Advanced
549FAKE63,Jack Ramirez,BUZZ-SCI-7,SEC-03,782,Advanced,743,Proficient
826FAKE75,Evelyn Gonzalez,BUZZ-ELA-8,SEC-01,747,Proficient,778,Advanced
954FAKE14,Evelyn Hernandez,BUZZ-ELA-7,SEC-01,658,Below Basic,683,Basic
127FAKE53,Jackson Scott,BUZZ-SCI-7,SEC-01,732,Proficient,677,Basic
544FAKE15,Jack Brown,BUZZ-SCI-7,SEC-02,788,Advanced,678,Basic
818FAKE39,James Miller,BUZZ-MATH-7,SEC-03,727,Proficient,791,Advanced
838FAKE47,Emily Lee,BUZZ-MATH-7,SEC-01,743,Proficient,602,Below Basic
104FAKE84,Asher Carter,BUZZ-MATH-8,SEC-01,750,Proficient,746,Proficient
650FAKE93,Alexander Kumar,BUZZ-ELA-7,SEC-03,772,Advanced,798,Advanced
488FAKE20,Evelyn Martin,BUZZ-MATH-8,SEC-02,653,Below Basic,674,Basic
815FAKE29,Harper Rodriguez,BUZZ-ELA-7,SEC-03,730,Proficient,692,Basic
436FAKE82,Harper Harris,BUZZ-ELA-7,SEC-03,667,Basic,666,Basic
219FAKE18,Mia Allen,BUZZ-ELA-7,SEC-02,758,Proficient,790,Advanced
316FAKE22,Camila Nguyen,BUZZ-MATH-7,SEC-03,764,Proficient,647,Below Basic
809FAKE53,Natalie Davis,BUZZ-MATH-7,SEC-01,681,Basic,602,Below Basic
800FAKE77,Amelia Smith,BUZZ-SCI-7,SEC-03,730,Proficient,725,Proficient
844FAKE88,Theodore Williams,BUZZ-ELA-7,SEC-02,707,Basic,650,Below Basic
443FAKE83,Eleanor White,BUZZ-ELA-7,SEC-03,726,Proficient,755,Proficient
269FAKE37,Stella Flores,BUZZ-ELA-7,SEC-03,667,Basic,725,Proficient
486FAKE66,Thomas Roberts,BUZZ-ELA-8,SEC-01,695,Basic,705,Basic
150FAKE64,Ryan Jones,BUZZ-ELA-8,SEC-03,718,Basic,603,Below Basic
746FAKE58,Isabella Clark,BUZZ-SCI-7,SEC-03,792,Advanced,600,Below Basic
948FAKE48,Theodore Gonzalez,BUZZ-ELA-8,SEC-03,701,Basic,660,Basic
818FAKE23,Andrew Sanchez,BUZZ-MATH-7,SEC-03,759,Proficient,774,Advanced
180FAKE81,Emma Lee,BUZZ-MATH-7,SEC-03,722,Proficient,798,Advanced
613FAKE11,Grace Singh,BUZZ-ELA-7,SEC-01,678,Basic,729,Proficient
560FAKE69,Camila Walker,BUZZ-MATH-8,SEC-02,798,Advanced,605,Below Basic
608FAKE71,Bella King,BUZZ-ELA-8,SEC-03,756,Proficient,796,Advanced
699FAKE92,Olivia Lee,BUZZ-ELA-7,SEC-03,712,Basic,744,Proficient
433FAKE15,Dylan Wilson,BUZZ-MATH-7,SEC-01,774,Advanced,749,Proficient
139FAKE11,Aria Martinez,BUZZ-ELA-7,SEC-01,786,Advanced,758,Proficient
703FAKE11,Amelia Lee,BUZZ-ELA-8,SEC-02,786,Advanced,748,Proficient
520FAKE35,Liam Perez,BUZZ-SCI-7,SEC-02,600,Below Basic,778,Advanced
557FAKE27,Chloe Lopez,BUZZ-SCI-7,SEC-02,752,Proficient,647,Below Basic
832FAKE94,Isabella Perez,BUZZ-MATH-8,SEC-03,758,Proficient,651,Below Basic
203FAKE18,Jackson Lopez,BUZZ-ELA-7,SEC-01,604,Below Basic,721,Proficient
716FAKE17,Michael Jones,BUZZ-MATH-7,SEC-02,660,Basic,767,Proficient
839FAKE24,Gabriel Rodriguez,BUZZ-SCI-7,SEC-03,795,Advanced,721,Proficient
278FAKE46,Lucy Harris,BUZZ-MATH-8,SEC-02,671,Basic,642,Below Basic
609FAKE76,Addison Sanchez,BUZZ-SCI-7,SEC-03,767,Proficient,678,Basic
509FAKE48,Olivia Clark,BUZZ-MATH-7,SEC-03,724,Proficient,757,Proficient
403FAKE92,Scarlett Carter,BUZZ-ELA-7,SEC-03,742,Proficient,749,Proficient
271FAKE67,Logan Baker,BUZZ-ELA-7,SEC-02,782,Advanced,712,Basic
708FAKE41,Harper Rivera,BUZZ-ELA-8,SEC-03,678,Basic,735,Proficient
359FAKE26,Sebastian Green,BUZZ-ELA-7,SEC-02,727,Proficient,637,Below Basic
496FAKE70,Lucas King,BUZZ-MATH-8,SEC-01,730,Proficient,781,Advanced
937FAKE82,Harper Davis,BUZZ-MATH-7,SEC-01,762,Proficient,698,Basic
358FAKE72,Logan Clark,BUZZ-ELA-8,SEC-01,762,Proficient,693,Basic
108FAKE83,Jaxon Moore,BUZZ-MATH-8,SEC-03,780,Advanced,777,Advanced
318FAKE42,Dylan Roberts,BUZZ-MATH-8,SEC-02,727,Proficient,690,Basic
434FAKE22,John Carter,BUZZ-SCI-7,SEC-02,634,Below Basic,798,Advanced
138FAKE83,Lily Perez,BUZZ-MATH-7,SEC-02,702,Basic,699,Basic
371FAKE18,Andrew Brown,BUZZ-MATH-7,SEC-01,773,Advanced,689,Basic
701FAKE16,John Mitchell,BUZZ-ELA-8,SEC-02,731,Proficient,785,Advanced
697FAKE69,Ethan Harris,BUZZ-ELA-8,SEC-02,793,Advanced,665,Basic
509FAKE18,Ethan Hall,BUZZ-MATH-8,SEC-01,771,Advanced,706,Basic
853FAKE54,Evelyn Kumar,BUZZ-ELA-8,SEC-02,758,Proficient,659,Below Basic
811FAKE43,Gabriel Garcia,BUZZ-MATH-8,SEC-01,787,Advanced,668,Basic
153FAKE11,Evelyn Jackson,BUZZ-SCI-7,SEC-03,747,Proficient,663,Basic
930FAKE74,John Singh,BUZZ-SCI-7,SEC-01,717,Basic,780,Advanced
338FAKE38,Amelia Hall,BUZZ-MATH-7,SEC-02,783,Advanced,724,Proficient
296FAKE86,Natalie Smith,BUZZ-ELA-7,SEC-01,737,Proficient,740,Proficient
324FAKE71,Lucas Martin,BUZZ-ELA-8,SEC-03,683,Basic,755,Proficient
303FAKE34,Eleanor Wright,BUZZ-ELA-8,SEC-03,791,Advanced,786,Advanced
292FAKE38,Jacob Shah,BUZZ-SCI-7,SEC-01,663,Basic,650,Below Basic
970FAKE90,Liam Adams,BUZZ-MATH-7,SEC-02,742,Proficient,716,Basic
494FAKE20,Aurora Kim,BUZZ-MATH-7,SEC-02,683,Basic,682,Basic
650FAKE60,Camila Robinson,BUZZ-ELA-7,SEC-02,702,Basic,769,Proficient
747FAKE63,Skylar Hall,BUZZ-MATH-8,SEC-03,716,Basic,701,Basic
402FAKE89,Hannah Kim,BUZZ-MATH-8,SEC-01,790,Advanced,735,Proficient
463FAKE73,Liam Williams,BUZZ-ELA-7,SEC-01,676,Basic,784,Advanced
390FAKE40,Logan Allen,BUZZ-MATH-7,SEC-03,727,Proficient,602,Below Basic
110FAKE49,Nora Harris,BUZZ-MATH-8,SEC-02,784,Advanced,777,Advanced
885FAKE40,Chloe Hall,BUZZ-MATH-7,SEC-01,696,Basic,793,Advanced
468FAKE98,Emma Harris,BUZZ-ELA-8,SEC-01,707,Basic,639,Below Basic
175FAKE36,Samuel Lewis,BUZZ-SCI-7,SEC-02,667,Basic,614,Below Basic
884FAKE84,Hannah Lee,BUZZ-MATH-8,SEC-03,792,Advanced,717,Basic
561FAKE93,Camila Miller,BUZZ-MATH-8,SEC-03,782,Advanced,759,Proficient
958FAKE80,Owen Kim,BUZZ-ELA-8,SEC-02,601,Below Basic,698,Basic
906FAKE37,Riley Wilson,BUZZ-SCI-7,SEC-02,706,Basic,721,Proficient
829FAKE45,Dylan Kumar,BUZZ-ELA-7,SEC-01,787,Advanced,685,Basic
561FAKE99,Isabella Anderson,BUZZ-ELA-8,SEC-02,689,Basic,638,Below Basic
986FAKE93,Mason Martin,BUZZ-MATH-8,SEC-03,637,Below Basic,765,Proficient
222FAKE18,Scarlett Baker,BUZZ-ELA-7,SEC-03,800,Advanced,726,Proficient
250FAKE87,Lincoln Thomas,BUZZ-MATH-7,SEC-01,701,Basic,730,Proficient
606FAKE86,Isabella Nelson,BUZZ-MATH-7,SEC-03,776,Advanced,732,Proficient
174FAKE73,Harper Brown,BUZZ-ELA-8,SEC-01,741,Proficient,672,Basic
631FAKE72,Mateo Green,BUZZ-MATH-8,SEC-01,726,Proficient,761,Proficient
665FAKE70,Ava Robinson,BUZZ-ELA-7,SEC-03,677,Basic,759,Proficient
771FAKE17,Logan Hall,BUZZ-SCI-7,SEC-01,645,Below Basic,705,Basic
145FAKE10,Scarlett Miller,BUZZ-SCI-7,SEC-01,781,Advanced,682,Basic
592FAKE27,Layla Sanchez,BUZZ-ELA-7,SEC-02,681,Basic,765,Proficient
837FAKE47,Luke Brown,BUZZ-MATH-7,SEC-01,705,Basic,704,Basic
374FAKE61,Riley Nelson,BUZZ-MATH-7,SEC-03,718,Basic,750,Proficient
783FAKE59,Jacob Kim,BUZZ-MATH-8,SEC-02,776,Advanced,772,Advanced
286FAKE60,Leo Kim,BUZZ-MATH-8,SEC-03,789,Advanced,643,Below Basic
662FAKE97,Paisley Martinez,BUZZ-SCI-7,SEC-03,662,Basic,789,Advanced
487FAKE84,Owen Wilson,BUZZ-ELA-7,SEC-01,722,Proficient,730,Proficient
176FAKE48,Samuel Taylor,BUZZ-SCI-7,SEC-02,624,Below Basic,755,Proficient
727FAKE44,Thomas Thomas,BUZZ-MATH-7,SEC-01,783,Advanced,704,Basic
925FAKE90,Joseph Jackson,BUZZ-ELA-8,SEC-02,634,Below Basic,795,Advanced
194FAKE58,Jack Wright,BUZZ-MATH-7,SEC-01,787,Advanced,792,Advanced
979FAKE87,Evelyn Chen,BUZZ-SCI-7,SEC-01,666,Basic,736,Proficient
380FAKE20,Michael Robinson,BUZZ-ELA-7,SEC-01,763,Proficient,708,Basic
388FAKE89,Ethan King,BUZZ-MATH-8,SEC-01,637,Below Basic,702,Basic
255FAKE41,Josiah Martin,BUZZ-ELA-7,SEC-03,659,Below Basic,684,Basic
642FAKE76,Ethan Moore,BUZZ-ELA-7,SEC-01,732,Proficient,776,Advanced
678FAKE92,Samuel Miller,BUZZ-ELA-7,SEC-02,610,Below Basic,684,Basic
803FAKE30,Thomas Young,BUZZ-SCI-7,SEC-03,619,Below Basic,674,Basic
261FAKE18,William Carter,BUZZ-ELA-7,SEC-01,752,Proficient,766,Proficient
702FAKE67,Mia Johnson,BUZZ-ELA-8,SEC-03,781,Advanced,785,Advanced
395FAKE79,Ava Baker,BUZZ-ELA-7,SEC-01,633,Below Basic,759,Proficient
159FAKE45,Grace Thomas,BUZZ-ELA-8,SEC-03,683,Basic,791,Advanced
578FAKE23,Avery Singh,BUZZ-MATH-8,SEC-02,759,Proficient,636,Below Basic
178FAKE39,Jacob Lopez,BUZZ-ELA-7,SEC-01,755,Proficient,757,Proficient
154FAKE18,Samuel Hernandez,BUZZ-ELA-7,SEC-02,791,Advanced,728,Proficient
407FAKE14,Lucas Hill,BUZZ-SCI-7,SEC-01,778,Advanced,668,Basic
700FAKE54,Harper Kumar,BUZZ-ELA-7,SEC-02,731,Proficient,768,Proficient
558FAKE69,Paisley Taylor,BUZZ-MATH-8,SEC-02,770,Advanced,779,Advanced
904FAKE63,Noah Adams,BUZZ-ELA-8,SEC-03,720,Proficient,742,Proficient
266FAKE87,Liam Garcia,BUZZ-ELA-7,SEC-03,645,Below Basic,669,Basic
314FAKE96,James Green,BUZZ-MATH-8,SEC-01,747,Proficient,712,Basic
341FAKE50,Abigail Roberts,BUZZ-MATH-8,SEC-02,659,Below Basic,672,Basic
773FAKE59,Aiden White,BUZZ-ELA-7,SEC-01,794,Advanced,787,Advanced
131FAKE97,Paisley Lewis,BUZZ-MATH-8,SEC-03,745,Proficient,754,Proficient
506FAKE63,Lily Harris,BUZZ-MATH-7,SEC-03,613,Below Basic,711,Basic
690FAKE89,Abigail Jones,BUZZ-MATH-7,SEC-02,784,Advanced,676,Basic
959FAKE57,Nora Rodriguez,BUZZ-ELA-7,SEC-01,787,Advanced,731,Proficient
795FAKE31,Theodore Thomas,BUZZ-MATH-7,SEC-03,768,Proficient,639,Below Basic
364FAKE92,James Martinez,BUZZ-MATH-7,SEC-03,727,Proficient,773,Advanced
738FAKE61,Ava Campbell,BUZZ-ELA-7,SEC-02,659,Below Basic,688,Basic
699FAKE87,Bella White,BUZZ-ELA-8,SEC-01,787,Advanced,710,Basic
994FAKE50,Stella Walker,BUZZ-MATH-8,SEC-03,785,Advanced,667,Basic
814FAKE60,Samuel Mitchell,BUZZ-SCI-7,SEC-02,795,Advanced,725,Proficient
768FAKE24,Logan Gonzalez,BUZZ-MATH-8,SEC-03,662,Basic,718,Basic
756FAKE46,Benjamin Smith,BUZZ-SCI-7,SEC-01,615,Below Basic,757,Proficient
751FAKE26,Joseph Hall,BUZZ-MATH-8,SEC-02,743,Proficient,738,Proficient
632FAKE41,Avery King,BUZZ-ELA-7,SEC-01,604,Below Basic,768,Proficient
800FAKE36,Addison Thompson,BUZZ-ELA-7,SEC-03,629,Below Basic,655,Below Basic
968FAKE36,Aiden Allen,BUZZ-SCI-7,SEC-02,633,Below Basic,769,Proficient
770FAKE25,John Scott,BUZZ-SCI-7,SEC-01,752,Proficient,763,Proficient
802FAKE55,Sofia Clark,BUZZ-MATH-8,SEC-01,715,Basic,624,Below Basic
298FAKE91,Mateo Hill,BUZZ-ELA-7,SEC-02,794,Advanced,737,Proficient
851FAKE35,Leo Nguyen,BUZZ-SCI-7,SEC-01,631,Below Basic,602,Below Basic
690FAKE54,William Martin,BUZZ-MATH-8,SEC-03,750,Proficient,745,Proficient
801FAKE40,Scarlett Anderson,BUZZ-ELA-8,SEC-03,657,Below Basic,751,Proficient
106FAKE17,Mason White,BUZZ-SCI-7,SEC-03,675,Basic,627,Below Basic
568FAKE73,Ethan Clark,BUZZ-MATH-8,SEC-01,606,Below Basic,719,Basic
441FAKE64,Andrew Anderson,BUZZ-ELA-7,SEC-01,776,Advanced,712,Basic
874FAKE84,Jack Torres,BUZZ-SCI-7,SEC-01,747,Proficient,744,Proficient
516FAKE16,Josiah Campbell,BUZZ-MATH-8,SEC-01,758,Proficient,764,Proficient
426FAKE21,Ryan Gonzalez,BUZZ-ELA-7,SEC-01,771,Advanced,746,Proficient
854FAKE22,Theodore Wright,BUZZ-ELA-7,SEC-02,752,Proficient,763,Proficient
480FAKE67,Mia Mitchell,BUZZ-ELA-7,SEC-01,673,Basic,799,Advanced
795FAKE82,Theodore Garcia,BUZZ-ELA-7,SEC-03,697,Basic,677,Basic
567FAKE47,Thomas Thompson,BUZZ-MATH-8,SEC-01,757,Proficient,779,Advanced
960FAKE33,Liam Thompson,BUZZ-ELA-8,SEC-02,766,Proficient,723,Proficient
497FAKE65,Victoria Brown,BUZZ-SCI-7,SEC-02,766,Proficient,697,Basic
800FAKE19,Michael Sanchez,BUZZ-ELA-8,SEC-03,719,Basic,715,Basic
466FAKE56,Logan Torres,BUZZ-ELA-7,SEC-01,777,Advanced,769,Proficient
389FAKE88,Nora Rivera,BUZZ-ELA-7,SEC-02,635,Below Basic,706,Basic
221FAKE75,Ella Green,BUZZ-MATH-7,SEC-02,787,Advanced,797,Advanced
138FAKE58,William Lewis,BUZZ-ELA-8,SEC-02,764,Proficient,772,Advanced
587FAKE67,Isabella Rodriguez,BUZZ-SCI-7,SEC-03,614,Below Basic,788,Advanced
171FAKE43,Charlotte Jackson,BUZZ-SCI-7,SEC-02,739,Proficient,710,Basic
121FAKE52,Josiah Torres,BUZZ-MATH-7,SEC-01,624,Below Basic,678,Basic
272FAKE69,Andrew Carter,BUZZ-ELA-8,SEC-03,768,Proficient,739,Proficient
234FAKE91,Mateo Roberts,BUZZ-MATH-7,SEC-03,704,Basic,721,Proficient
786FAKE13,Lucy Anderson,BUZZ-ELA-7,SEC-01,750,Proficient,796,Advanced
728FAKE28,Christopher Allen,BUZZ-ELA-7,SEC-03,794,Advanced,735,Proficient
134FAKE96,Mason Carter,BUZZ-MATH-8,SEC-01,704,Basic,651,Below Basic
205FAKE95,Sebastian Clark,BUZZ-MATH-7,SEC-01,663,Basic,629,Below Basic
982FAKE24,Grace Rodriguez,BUZZ-ELA-8,SEC-01,754,Proficient,720,Proficient
735FAKE56,Anthony Williams,BUZZ-MATH-7,SEC-02,788,Advanced,676,Basic
737FAKE35,Aria Mitchell,BUZZ-SCI-7,SEC-01,665,Basic,757,Proficient
985FAKE29,Noah Hernandez,BUZZ-ELA-7,SEC-03,614,Below Basic,756,Proficient
426FAKE30,Dylan Thompson,BUZZ-MATH-7,SEC-03,759,Proficient,779,Advanced
330FAKE98,Scarlett Chen,BUZZ-MATH-7,SEC-03,788,Advanced,694,Basic
703FAKE97,James Thomas,BUZZ-ELA-8,SEC-02,639,Below Basic,674,Basic
522FAKE59,Ethan Baker,BUZZ-MATH-7,SEC-01,602,Below Basic,799,Advanced
181FAKE47,Jacob Lee,BUZZ-ELA-8,SEC-03,702,Basic,732,Proficient
119FAKE70,Dylan Rodriguez,BUZZ-MATH-8,SEC-02,781,Advanced,664,Basic
845FAKE57,Thomas Lee,BUZZ-SCI-7,SEC-03,722,Proficient,711,Basic
712FAKE78,Layla Lopez,BUZZ-MATH-8,SEC-03,796,Advanced,722,Proficient
896FAKE40,Jaxon Gonzalez,BUZZ-MATH-8,SEC-03,790,Advanced,774,Advanced
116FAKE79,Benjamin Perez,BUZZ-SCI-7,SEC-02,782,Advanced,679,Basic
389FAKE93,Scarlett Green,BUZZ-ELA-8,SEC-02,783,Advanced,786,Advanced
700FAKE98,Emily Martin,BUZZ-ELA-7,SEC-02,768,Proficient,718,Basic
799FAKE27,Mia Thompson,BUZZ-ELA-7,SEC-02,773,Advanced,788,Advanced
313FAKE36,Aria Adams,BUZZ-ELA-7,SEC-02,621,Below Basic,777,Advanced
964FAKE81,Avery Rodriguez,BUZZ-MATH-7,SEC-03,651,Below Basic,785,Advanced
314FAKE67,Zoey Carter,BUZZ-ELA-8,SEC-03,757,Proficient,794,Advanced
617FAKE45,Olivia Wright,BUZZ-ELA-8,SEC-03,738,Proficient,609,Below Basic
709FAKE73,Bella Garcia,BUZZ-MATH-7,SEC-02,644,Below Basic,631,Below Basic
751FAKE86,Daniel Thomas,BUZZ-SCI-7,SEC-02,791,Advanced,796,Advanced
521FAKE52,Jackson Harris,BUZZ-MATH-8,SEC-01,733,Proficient,779,Advanced
920FAKE17,Gabriel Williams,BUZZ-MATH-7,SEC-02,670,Basic,684,Basic
341FAKE95,Ella Campbell,BUZZ-MATH-7,SEC-01,781,Advanced,699,Basic
381FAKE13,Henry Robinson,BUZZ-MATH-8,SEC-02,771,Advanced,750,Proficient
647FAKE18,Dylan Gonzalez,BUZZ-SCI-7,SEC-03,697,Basic,643,Below Basic
715FAKE50,Natalie Wright,BUZZ-ELA-7,SEC-01,712,Basic,723,Proficient
280FAKE66,Josiah Ramirez,BUZZ-MATH-8,SEC-02,779,Advanced,687,Basic
590FAKE68,Zoey Johnson,BUZZ-ELA-8,SEC-01,782,Advanced,636,Below Basic
353FAKE81,Owen Johnson,BUZZ-ELA-8,SEC-01,684,Basic,686,Basic
839FAKE18,Lincoln Kumar,BUZZ-ELA-7,SEC-03,765,Proficient,752,Proficient
600FAKE65,Aiden Davis,BUZZ-ELA-7,SEC-01,697,Basic,685,Basic
591FAKE32,Aria Kumar,BUZZ-SCI-7,SEC-01,752,Proficient,742,Proficient
701FAKE30,Avery Lee,BUZZ-ELA-8,SEC-02,764,Proficient,792,Advanced
264FAKE59,Gabriel Martin,BUZZ-SCI-7,SEC-01,641,Below Basic,797,Advanced
412FAKE58,Jaxon Taylor,BUZZ-MATH-8,SEC-03,701,Basic,635,Below Basic
208FAKE92,Logan Roberts,BUZZ-MATH-8,SEC-01,694,Basic,764,Proficient
453FAKE91,Lucas Sanchez,BUZZ-MATH-8,SEC-02,682,Basic,602,Below Basic
564FAKE42,Christopher Gonzalez,BUZZ-ELA-8,SEC-02,740,Proficient,793,Advanced
460FAKE58,Joseph White,BUZZ-MATH-8,SEC-03,769,Proficient,787,Advanced
365FAKE68,Jackson Lee,BUZZ-ELA-7,SEC-03,621,Below Basic,667,Basic
467FAKE35,Harper Scott,BUZZ-MATH-8,SEC-01,666,Basic,628,Below Basic
730FAKE72,Mason Jackson,BUZZ-ELA-7,SEC-02,785,Advanced,732,Proficient
775FAKE55,Sophia Wright,BUZZ-SCI-7,SEC-01,730,Proficient,687,Basic
483FAKE92,Hannah Rodriguez,BUZZ-SCI-7,SEC-01,710,Basic,701,Basic
910FAKE36,Michael Lopez,BUZZ-ELA-7,SEC-02,726,Proficient,790,Advanced
448FAKE79,Anthony Carter,BUZZ-ELA-8,SEC-02,790,Advanced,698,Basic
348FAKE27,Thomas Martinez,BUZZ-ELA-8,SEC-02,794,Advanced,746,Proficient
978FAKE17,Benjamin Singh,BUZZ-SCI-7,SEC-03,717,Basic,685,Basic
202FAKE78,Natalie Ramirez,BUZZ-MATH-7,SEC-03,789,Advanced,741,Proficient
472FAKE20,Riley Baker,BUZZ-MATH-7,SEC-03,610,Below Basic,636,Below Basic
294FAKE79,Harper Lewis,BUZZ-MATH-8,SEC-03,693,Basic,675,Basic
434FAKE56,Ava Gonzalez,BUZZ-ELA-7,SEC-01,680,Basic,742,Proficient
236FAKE29,Noah Williams,BUZZ-ELA-8,SEC-01,740,Proficient,761,Proficient
965FAKE41,Emily White,BUZZ-MATH-7,SEC-02,638,Below Basic,695,Basic
490FAKE99,Natalie Clark,BUZZ-SCI-7,SEC-01,780,Advanced,736,Proficient
120FAKE38,Josiah Kim,BUZZ-MATH-7,SEC-02,800,Advanced,778,Advanced
863FAKE41,Lincoln Davis,BUZZ-ELA-8,SEC-03,795,Advanced,759,Proficient
483FAKE37,Nora Martin,BUZZ-SCI-7,SEC-01,667,Basic,708,Basic
437FAKE69,William Robinson,BUZZ-SCI-7,SEC-03,682,Basic,782,Advanced
572FAKE76,Paisley Clark,BUZZ-MATH-8,SEC-01,653,Below Basic,722,Proficient
692FAKE28,Alexander Taylor,BUZZ-ELA-8,SEC-03,753,Proficient,726,Proficient
782FAKE86,Samuel Rivera,BUZZ-SCI-7,SEC-02,660,Basic,692,Basic
344FAKE96,Liam Lee,BUZZ-MATH-7,SEC-03,722,Proficient,733,Proficient
107FAKE73,Amelia Wright,BUZZ-ELA-7,SEC-01,785,Advanced,720,Proficient
300FAKE51,Addison Mitchell,BUZZ-SCI-7,SEC-03,716,Basic,754,Proficient
